/*
 Navicat Premium Data Transfer

 Source Server         : 127.0.0.1
 Source Server Type    : MySQL
 Source Server Version : 80035
 Source Host           : localhost:3306
 Source Schema         : wms

 Target Server Type    : MySQL
 Target Server Version : 80035
 File Encoding         : 65001

 Date: 21/06/2024 16:49:10
*/

SET NAMES utf8mb4;
SET FOREIGN_KEY_CHECKS = 0;

-- ----------------------------
-- Table structure for order
-- ----------------------------
DROP TABLE IF EXISTS `order`;
CREATE TABLE `order`  (
  `order_id` int NOT NULL AUTO_INCREMENT COMMENT '订单ID',
  `part_id` int NULL DEFAULT NULL COMMENT '零部件ID',
  `quantity` int NULL DEFAULT NULL COMMENT '数量',
  `deadline` date NULL DEFAULT NULL COMMENT '截止日期',
  `status` int NULL DEFAULT NULL COMMENT '状态(1-等待、2-进行、3-完成、4-取消、-1-出错',
  `team_id` int NULL DEFAULT NULL COMMENT '负责的组号',
  `creator` varchar(255) CHARACTER SET utf8mb4 COLLATE utf8mb4_0900_ai_ci NULL DEFAULT NULL COMMENT '订单创建者',
  PRIMARY KEY (`order_id`) USING BTREE,
  INDEX `part_id`(`part_id` ASC) USING BTREE,
  CONSTRAINT `FK_order_part` FOREIGN KEY (`part_id`) REFERENCES `part` (`part_id`) ON DELETE RESTRICT ON UPDATE RESTRICT
) ENGINE = InnoDB AUTO_INCREMENT = 40 CHARACTER SET = utf8mb4 COLLATE = utf8mb4_0900_ai_ci ROW_FORMAT = Dynamic;

-- ----------------------------
-- Records of order
-- ----------------------------
INSERT INTO `order` VALUES (1, 1, 100, '2026-02-01', 2, 1, 'linus');
INSERT INTO `order` VALUES (2, 2, 200, '2024-05-13', 1, 2, 'bill');
INSERT INTO `order` VALUES (3, 3, 150, '2024-05-30', 3, 3, 'steve');
INSERT INTO `order` VALUES (4, 4, 190, '2024-04-30', -1, 4, 'robert');
INSERT INTO `order` VALUES (5, 11, 300, '2024-03-20', 3, 5, 'kevin');
INSERT INTO `order` VALUES (6, 5, 200, '2024-03-14', 2, 6, 'vinton');
INSERT INTO `order` VALUES (7, 4, 100, '2024-04-17', 3, 7, 'gray');
INSERT INTO `order` VALUES (8, 3, 150, '2024-05-18', 4, 8, 'linus');
INSERT INTO `order` VALUES (9, 2, 160, '2024-05-24', 1, 9, 'linus');
INSERT INTO `order` VALUES (10, 1, 240, '2024-05-30', 2, 10, 'bill');
INSERT INTO `order` VALUES (11, 2, 333, '2024-06-14', 3, 11, 'steve');
INSERT INTO `order` VALUES (12, 3, 133, '2024-05-07', 3, 12, 'robert');
INSERT INTO `order` VALUES (13, 4, 100, '2024-05-30', 3, 13, 'kevin');
INSERT INTO `order` VALUES (14, 1, 200, '2024-06-21', 1, 14, 'vinton');
INSERT INTO `order` VALUES (15, 2, 300, '2024-06-21', 1, 15, 'gray');
INSERT INTO `order` VALUES (30, 1, 500, '2024-06-30', 1, 16, 'linus');
INSERT INTO `order` VALUES (31, 5, 300, '2024-07-10', 1, 17, 'bill');
INSERT INTO `order` VALUES (32, 7, 144, '2024-06-20', 1, 18, 'steve');
INSERT INTO `order` VALUES (33, 2, 242, '2024-06-20', 1, 19, 'robert');
INSERT INTO `order` VALUES (34, 4, 234234, '2024-06-28', 1, 20, 'kevin');
INSERT INTO `order` VALUES (35, 2, 42424, '2024-06-20', 1, 21, 'vinton');
INSERT INTO `order` VALUES (36, 7, 342, '2024-06-21', 1, 22, 'gray');
INSERT INTO `order` VALUES (37, 11, 23442, '2024-06-21', 1, 23, 'linus');
INSERT INTO `order` VALUES (38, 1, 100, '2024-06-22', 1, 24, 'bill');
INSERT INTO `order` VALUES (39, 5, 2000, '2024-07-03', 1, 25, 'steve');

-- ----------------------------
-- Table structure for part
-- ----------------------------
DROP TABLE IF EXISTS `part`;
CREATE TABLE `part`  (
  `part_id` int NOT NULL AUTO_INCREMENT COMMENT '零部件ID',
  `part_name` varchar(255) CHARACTER SET utf8mb4 COLLATE utf8mb4_0900_ai_ci NOT NULL COMMENT '零部件名称',
  `description` text CHARACTER SET utf8mb4 COLLATE utf8mb4_0900_ai_ci NULL COMMENT '描述',
  `cost` decimal(10, 2) NULL DEFAULT NULL COMMENT '成本',
  `supplier_id` int NULL DEFAULT NULL COMMENT '供应商ID',
  `stock` int NULL DEFAULT NULL COMMENT '库存',
  PRIMARY KEY (`part_id`) USING BTREE
) ENGINE = InnoDB AUTO_INCREMENT = 14 CHARACTER SET = utf8mb4 COLLATE = utf8mb4_0900_ai_ci ROW_FORMAT = Dynamic;

-- ----------------------------
-- Records of part
-- ----------------------------
INSERT INTO `part` VALUES (1, '轴承', 'null', 40.00, NULL, 150);
INSERT INTO `part` VALUES (2, '螺母', 'null', 20.00, NULL, 50);
INSERT INTO `part` VALUES (3, '垫圈', NULL, 50.00, NULL, 200);
INSERT INTO `part` VALUES (4, 'Strawberry', 'a', 702.21, 981, 900);
INSERT INTO `part` VALUES (5, 'gyarari', 'b', 448.07, 339, 887);
INSERT INTO `part` VALUES (6, 'Raspberry', 'c', 84.79, 923, 406);
INSERT INTO `part` VALUES (7, 'Cheary plus', 'd', 657.53, 23, 683);
INSERT INTO `part` VALUES (8, 'Kuwi', 'e', 196.16, 34, 535);
INSERT INTO `part` VALUES (9, 'Rambuzan', 'f', 790.56, 322, 231);
INSERT INTO `part` VALUES (10, 'Grare', 'g', 948.05, 658, 208);
INSERT INTO `part` VALUES (11, 'Mango premium', 'h', 259.25, 983, 132);
INSERT INTO `part` VALUES (12, 'Kiki pro', 'i', 562.35, 739, 327);
INSERT INTO `part` VALUES (13, 'Orange', 'j', 907.37, 704, 105);

-- ----------------------------
-- Table structure for role
-- ----------------------------
DROP TABLE IF EXISTS `role`;
CREATE TABLE `role`  (
  `role_id` bigint NOT NULL AUTO_INCREMENT COMMENT '角色ID',
  `role_name` varchar(30) CHARACTER SET utf8mb4 COLLATE utf8mb4_0900_ai_ci NOT NULL COMMENT '角色名称',
  `role_tag` varchar(30) CHARACTER SET utf8mb4 COLLATE utf8mb4_0900_ai_ci NULL DEFAULT NULL COMMENT '角色标签',
  `status` char(1) CHARACTER SET utf8mb4 COLLATE utf8mb4_0900_ai_ci NOT NULL COMMENT '角色状态（0正常 1停用）',
  `del_flag` char(1) CHARACTER SET utf8mb4 COLLATE utf8mb4_0900_ai_ci NULL DEFAULT '0' COMMENT '删除标志（0代表存在 1代表删除）',
  PRIMARY KEY (`role_id`) USING BTREE
) ENGINE = InnoDB AUTO_INCREMENT = 4 CHARACTER SET = utf8mb4 COLLATE = utf8mb4_0900_ai_ci COMMENT = '角色信息表' ROW_FORMAT = DYNAMIC;

-- ----------------------------
-- Records of role
-- ----------------------------
INSERT INTO `role` VALUES (1, '超级管理员', 'su', '0', '0');
INSERT INTO `role` VALUES (2, '管理员', 'admin', '0', '0');
INSERT INTO `role` VALUES (3, '员工', 'member', '0', '0');

-- ----------------------------
-- Table structure for team
-- ----------------------------
DROP TABLE IF EXISTS `team`;
CREATE TABLE `team`  (
  `team_id` int NOT NULL AUTO_INCREMENT,
  `produced_quantity` int NULL DEFAULT NULL,
  `is_busy` int NULL DEFAULT 0,
  PRIMARY KEY (`team_id`) USING BTREE
) ENGINE = InnoDB AUTO_INCREMENT = 26 CHARACTER SET = utf8mb4 COLLATE = utf8mb4_0900_ai_ci ROW_FORMAT = Dynamic;

-- ----------------------------
-- Records of team
-- ----------------------------
INSERT INTO `team` VALUES (1, 100, 1);
INSERT INTO `team` VALUES (2, 130, 1);
INSERT INTO `team` VALUES (3, 100, 1);
INSERT INTO `team` VALUES (4, 79, 1);
INSERT INTO `team` VALUES (5, 40, 1);
INSERT INTO `team` VALUES (6, 80, 1);
INSERT INTO `team` VALUES (7, 24, 1);
INSERT INTO `team` VALUES (8, 57, 1);
INSERT INTO `team` VALUES (9, 32, 1);
INSERT INTO `team` VALUES (10, 56, 1);
INSERT INTO `team` VALUES (11, 25, 1);
INSERT INTO `team` VALUES (12, 62, 1);
INSERT INTO `team` VALUES (13, 27, 1);
INSERT INTO `team` VALUES (14, 27, 1);
INSERT INTO `team` VALUES (15, 36, 1);
INSERT INTO `team` VALUES (16, 17, 1);
INSERT INTO `team` VALUES (17, 41, 1);
INSERT INTO `team` VALUES (18, 68, 1);
INSERT INTO `team` VALUES (19, 43, 1);
INSERT INTO `team` VALUES (20, 34, 1);
INSERT INTO `team` VALUES (21, 23, 1);
INSERT INTO `team` VALUES (22, 56, 1);
INSERT INTO `team` VALUES (23, 23, 1);
INSERT INTO `team` VALUES (24, 34, 1);
INSERT INTO `team` VALUES (25, 63, 1);

-- ----------------------------
-- Table structure for user
-- ----------------------------
DROP TABLE IF EXISTS `user`;
CREATE TABLE `user`  (
  `user_id` int NOT NULL AUTO_INCREMENT COMMENT '主键',
  `user_name` varchar(20) CHARACTER SET utf8mb4 COLLATE utf8mb4_0900_ai_ci NULL DEFAULT NULL COMMENT '用户名',
  `nick_name` varchar(100) CHARACTER SET utf8mb4 COLLATE utf8mb4_0900_ai_ci NOT NULL COMMENT '昵称',
  `password` varchar(20) CHARACTER SET utf8mb4 COLLATE utf8mb4_0900_ai_ci NOT NULL COMMENT '密码',
  `age` int NULL DEFAULT NULL COMMENT '年龄',
  `sex` varchar(5) CHARACTER SET utf8mb4 COLLATE utf8mb4_0900_ai_ci NULL DEFAULT NULL COMMENT '性别',
  `phone` varchar(20) CHARACTER SET utf8mb4 COLLATE utf8mb4_0900_ai_ci NULL DEFAULT NULL COMMENT '电话',
  `role_id` int NULL DEFAULT NULL COMMENT '角色 0超级管理员 1管理员 2普通账号',
  `is_valid` int NULL DEFAULT 1 COMMENT '是否有效 1有效 其余无效',
  `team_id` int NULL DEFAULT NULL COMMENT '用户所在组别的id(0表示无所在组',
  PRIMARY KEY (`user_id`) USING BTREE,
  INDEX `idx_user_team_id`(`team_id` ASC) USING BTREE
) ENGINE = InnoDB AUTO_INCREMENT = 1034 CHARACTER SET = utf8mb4 COLLATE = utf8mb4_0900_ai_ci ROW_FORMAT = Dynamic;

-- ----------------------------
-- Records of user
-- ----------------------------
INSERT INTO `user` VALUES (1, 'sa', 'linus', 'root', 25, '男', '111', 0, 1, 0);
INSERT INTO `user` VALUES (2, 'ii', 'bill', 'su', 24, '男', '222', 0, 1, 1);
INSERT INTO `user` VALUES (3, 'iia', 'steve', 'aaa', 20, '男', '333', 1, 1, 2);
INSERT INTO `user` VALUES (4, 'sia', 'robert', '123', 23, '男', '444', 1, 1, 3);
INSERT INTO `user` VALUES (5, 'aaa', 'nivek', '123', 23, '男', '555', 1, 1, 4);
INSERT INTO `user` VALUES (6, 'as', 'paul', '123', 20, '男', '666', 2, 1, 5);
INSERT INTO `user` VALUES (7, 'bbb', 'vinton', '123', 19, '男', NULL, NULL, 1, 6);
INSERT INTO `user` VALUES (8, 'ccc', 'gray', '123', 19, '男', NULL, NULL, 1, 7);
INSERT INTO `user` VALUES (9, 'ddd', '员工', '123', 19, '男', NULL, NULL, 1, 8);
INSERT INTO `user` VALUES (10, 'eee', '员工', '123', 19, '女', NULL, NULL, 1, 9);
INSERT INTO `user` VALUES (11, 'fff', '员工', '123', 19, '男', NULL, NULL, 1, 10);
INSERT INTO `user` VALUES (12, 'ggg', '员工', '123', 19, '男', NULL, NULL, 1, 11);
INSERT INTO `user` VALUES (13, 'hhh', '员工', '123', 19, '男', NULL, NULL, 1, 12);
INSERT INTO `user` VALUES (14, 'iii', '员工', '123', 19, '男', NULL, NULL, 1, 13);
INSERT INTO `user` VALUES (15, 'jjj', '员工', '123', 19, '女', NULL, NULL, 1, 14);
INSERT INTO `user` VALUES (16, 'kkk', '员工', '123', 19, '男', NULL, NULL, 1, 15);
INSERT INTO `user` VALUES (17, 'lll', '员工', '123', 19, '男', NULL, NULL, 1, 1);
INSERT INTO `user` VALUES (18, 'mmm', '员工', '123', 19, '男', NULL, NULL, 1, 2);
INSERT INTO `user` VALUES (19, 'nnn', '员工', '123', 19, '男', NULL, NULL, 1, 3);
INSERT INTO `user` VALUES (20, 'ooo', '员工', '123', 19, '男', NULL, NULL, 1, 4);
INSERT INTO `user` VALUES (21, 'ppp', '员工', '123', 19, '男', NULL, NULL, 1, 5);
INSERT INTO `user` VALUES (22, 'qqq', '员工', '123', 19, '男', NULL, NULL, 1, 6);
INSERT INTO `user` VALUES (23, 'rrr', '员工', '123', 19, '男', NULL, NULL, 1, 7);
INSERT INTO `user` VALUES (24, 'sss', '员工', '123', 19, '男', NULL, NULL, 1, 8);
INSERT INTO `user` VALUES (25, 'ttt', '员工', '123', 19, '男', NULL, NULL, 1, 9);
INSERT INTO `user` VALUES (26, 'uuu', '员工', '123', 19, '男', NULL, NULL, 1, 10);
INSERT INTO `user` VALUES (27, 'vvv', '员工', '123', 19, '男', NULL, NULL, 1, 11);
INSERT INTO `user` VALUES (28, 'www', '员工', '123', 19, '男', NULL, NULL, 1, 12);
INSERT INTO `user` VALUES (29, 'xxx', '员工', '123', 19, '男', NULL, NULL, 1, 13);
INSERT INTO `user` VALUES (30, 'sio', 'ois', '000', 29, '男', NULL, NULL, 1, 1);
INSERT INTO `user` VALUES (31, 'zzz', '员工', '123', 19, '男', NULL, NULL, 1, 15);
INSERT INTO `user` VALUES (32, 'ads', '员工', '123', 20, '女', NULL, NULL, 1, 1);
INSERT INTO `user` VALUES (33, 'zxc', '员工', '123', 20, '男', NULL, NULL, 1, 2);
INSERT INTO `user` VALUES (34, 'Fong Wai Man', 'Fong Wai Man', '123', 22, '女', NULL, 2, 1, 18);
INSERT INTO `user` VALUES (35, 'Tony Ferguson', 'Tony Ferguson', '123', 29, '男', NULL, 2, 1, 18);
INSERT INTO `user` VALUES (36, 'Yuan Lu', 'Yuan Lu', '123', 23, '女', NULL, 2, 1, 19);
INSERT INTO `user` VALUES (37, 'James Owens', 'James Owens', '123', 26, '男', NULL, 2, 1, 19);
INSERT INTO `user` VALUES (38, 'Otsuka Kaito', 'Otsuka Kaito', '123', 23, '男', NULL, 2, 1, 19);
INSERT INTO `user` VALUES (39, 'Stanley Hayes', 'Stanley Hayes', '123', 27, '男', NULL, 2, 1, 21);
INSERT INTO `user` VALUES (40, 'Koyama Yamato', 'Koyama Yamato', '123', 26, '男', NULL, 2, 1, 21);
INSERT INTO `user` VALUES (41, 'Tang Zhennan', 'Tang Zhennan', '123', 27, '男', NULL, 2, 1, 22);
INSERT INTO `user` VALUES (42, 'Carol Thompson', 'Carol Thompson', '123', 28, '女', NULL, 2, 1, 22);
INSERT INTO `user` VALUES (43, 'Matsuda Sara', 'Matsuda Sara', '123', 29, '女', NULL, 2, 1, NULL);
INSERT INTO `user` VALUES (44, 'Brian Parker', 'Brian Parker', '123', 20, '男', NULL, 2, 1, NULL);
INSERT INTO `user` VALUES (45, 'Ito Shino', 'Ito Shino', '123', 21, '女', NULL, 2, 1, NULL);
INSERT INTO `user` VALUES (46, 'Jack Simmons', 'Jack Simmons', '123', 26, '男', NULL, 2, 1, NULL);
INSERT INTO `user` VALUES (47, 'Douglas Smith', 'Douglas Smith', '123', 25, '男', NULL, 2, 1, NULL);
INSERT INTO `user` VALUES (48, 'Cui Anqi', 'Cui Anqi', '123', 25, '女', NULL, 2, 1, NULL);
INSERT INTO `user` VALUES (49, 'Shing Fat', 'Shing Fat', '123', 26, '男', NULL, 2, 1, NULL);
INSERT INTO `user` VALUES (50, 'Xiang Xiuying', 'Xiang Xiuying', '123', 28, '女', NULL, 2, 1, NULL);
INSERT INTO `user` VALUES (51, 'Chan Chung Yin', 'Chan Chung Yin', '123', 26, '男', NULL, 2, 1, NULL);
INSERT INTO `user` VALUES (52, 'Yung Sze Kwan', 'Yung Sze Kwan', '123', 30, '女', NULL, 2, 1, NULL);
INSERT INTO `user` VALUES (53, 'Crystal Collins', 'Crystal Collins', '123', 20, '女', NULL, 2, 1, NULL);
INSERT INTO `user` VALUES (54, 'Fung Yu Ling', 'Fung Yu Ling', '123', 30, '女', NULL, 2, 1, NULL);
INSERT INTO `user` VALUES (55, 'Kwan Wing Fat', 'Kwan Wing Fat', '123', 20, '男', NULL, 2, 1, NULL);
INSERT INTO `user` VALUES (56, 'Kojima Sara', 'Kojima Sara', '123', 27, '女', NULL, 2, 1, NULL);
INSERT INTO `user` VALUES (57, 'Cui Rui', 'Cui Rui', '123', 20, '男', NULL, 2, 1, NULL);
INSERT INTO `user` VALUES (58, 'Han Yunxi', 'Han Yunxi', '123', 28, '男', NULL, 2, 1, NULL);
INSERT INTO `user` VALUES (59, 'Sakurai Ikki', 'Sakurai Ikki', '123', 25, '男', NULL, 2, 1, NULL);
INSERT INTO `user` VALUES (60, 'Hashimoto Itsuki', 'Hashimoto Itsuki', '123', 23, '男', NULL, 2, 1, NULL);
INSERT INTO `user` VALUES (61, 'Yuen On Na', 'Yuen On Na', '123', 25, '女', NULL, 2, 1, NULL);
INSERT INTO `user` VALUES (62, 'Terry Marshall', 'Terry Marshall', '123', 30, '男', NULL, 2, 1, NULL);
INSERT INTO `user` VALUES (63, 'Xiang Ziyi', 'Xiang Ziyi', '123', 20, '男', NULL, 2, 1, NULL);
INSERT INTO `user` VALUES (64, 'Marvin Rivera', 'Marvin Rivera', '123', 23, '男', NULL, 2, 1, NULL);
INSERT INTO `user` VALUES (65, 'Morita Momoka', 'Morita Momoka', '123', 21, '女', NULL, 2, 1, NULL);
INSERT INTO `user` VALUES (66, 'Maruyama Ayato', 'Maruyama Ayato', '123', 25, '男', NULL, 2, 1, NULL);
INSERT INTO `user` VALUES (67, 'Eleanor Moreno', 'Eleanor Moreno', '123', 28, '女', NULL, 2, 1, NULL);
INSERT INTO `user` VALUES (68, 'Imai Riku', 'Imai Riku', '123', 26, '男', NULL, 2, 1, NULL);
INSERT INTO `user` VALUES (69, 'Murata Ikki', 'Murata Ikki', '123', 25, '男', NULL, 2, 1, NULL);
INSERT INTO `user` VALUES (70, 'Arai Kenta', 'Arai Kenta', '123', 29, '男', NULL, 2, 1, NULL);
INSERT INTO `user` VALUES (71, 'Jimmy Burns', 'Jimmy Burns', '123', 26, '男', NULL, 2, 1, NULL);
INSERT INTO `user` VALUES (72, 'So On Kay', 'So On Kay', '123', 23, '女', NULL, 2, 1, NULL);
INSERT INTO `user` VALUES (73, 'Uchida Aoshi', 'Uchida Aoshi', '123', 29, '男', NULL, 2, 1, NULL);
INSERT INTO `user` VALUES (74, 'Nakayama Shino', 'Nakayama Shino', '123', 27, '女', NULL, 2, 1, NULL);
INSERT INTO `user` VALUES (75, 'Choi Wing Fat', 'Choi Wing Fat', '123', 25, '男', NULL, 2, 1, NULL);
INSERT INTO `user` VALUES (76, 'Cao Shihan', 'Cao Shihan', '123', 29, '女', NULL, 2, 1, NULL);
INSERT INTO `user` VALUES (77, 'Nakamura Momoe', 'Nakamura Momoe', '123', 24, '女', NULL, 2, 1, NULL);
INSERT INTO `user` VALUES (78, 'Kimura Mio', 'Kimura Mio', '123', 25, '女', NULL, 2, 1, NULL);
INSERT INTO `user` VALUES (79, 'Li Ziyi', 'Li Ziyi', '123', 28, '男', NULL, 2, 1, NULL);
INSERT INTO `user` VALUES (80, 'Luo Rui', 'Luo Rui', '123', 26, '男', NULL, 2, 1, NULL);
INSERT INTO `user` VALUES (81, 'Paul Burns', 'Paul Burns', '123', 20, '男', NULL, 2, 1, NULL);
INSERT INTO `user` VALUES (82, 'Leonard Cox', 'Leonard Cox', '123', 27, '男', NULL, 2, 1, NULL);
INSERT INTO `user` VALUES (83, 'Harada Hana', 'Harada Hana', '123', 24, '女', NULL, 2, 1, NULL);
INSERT INTO `user` VALUES (84, 'Hao Zitao', 'Hao Zitao', '123', 21, '男', NULL, 2, 1, NULL);
INSERT INTO `user` VALUES (85, 'Yamazaki Daichi', 'Yamazaki Daichi', '123', 26, '男', NULL, 2, 1, NULL);
INSERT INTO `user` VALUES (86, 'Cheng Hok Yau', 'Cheng Hok Yau', '123', 24, '男', NULL, 2, 1, NULL);
INSERT INTO `user` VALUES (87, 'Chic Kwok Kuen', 'Chic Kwok Kuen', '123', 25, '男', NULL, 2, 1, NULL);
INSERT INTO `user` VALUES (88, 'Yuen Ching Wan', 'Yuen Ching Wan', '123', 25, '男', NULL, 2, 1, NULL);
INSERT INTO `user` VALUES (89, 'Ying Ka Ming', 'Ying Ka Ming', '123', 29, '男', NULL, 2, 1, NULL);
INSERT INTO `user` VALUES (90, 'Iwasaki Aoi', 'Iwasaki Aoi', '123', 27, '女', NULL, 2, 1, NULL);
INSERT INTO `user` VALUES (91, 'Manuel Dixon', 'Manuel Dixon', '123', 28, '男', NULL, 2, 1, NULL);
INSERT INTO `user` VALUES (92, 'Sano Kenta', 'Sano Kenta', '123', 22, '男', NULL, 2, 1, NULL);
INSERT INTO `user` VALUES (93, 'Sugiyama Ayano', 'Sugiyama Ayano', '123', 26, '女', NULL, 2, 1, NULL);
INSERT INTO `user` VALUES (94, 'Jia Jialun', 'Jia Jialun', '123', 24, '男', NULL, 2, 1, NULL);
INSERT INTO `user` VALUES (95, 'Hsuan Wing Kuen', 'Hsuan Wing Kuen', '123', 20, '男', NULL, 2, 1, NULL);
INSERT INTO `user` VALUES (96, 'Fung Lai Yan', 'Fung Lai Yan', '123', 23, '女', NULL, 2, 1, NULL);
INSERT INTO `user` VALUES (97, 'Kono Ikki', 'Kono Ikki', '123', 27, '男', NULL, 2, 1, NULL);
INSERT INTO `user` VALUES (98, 'Chiang Wai Yee', 'Chiang Wai Yee', '123', 29, '女', NULL, 2, 1, NULL);
INSERT INTO `user` VALUES (99, 'Anna Wilson', 'Anna Wilson', '123', 28, '女', NULL, 2, 1, NULL);
INSERT INTO `user` VALUES (100, 'Li Lan', 'Li Lan', '123', 24, '女', NULL, 2, 1, NULL);
INSERT INTO `user` VALUES (101, 'He Yuning', 'He Yuning', '123', 23, '男', NULL, 2, 1, NULL);
INSERT INTO `user` VALUES (102, 'Ono Yuna', 'Ono Yuna', '123', 21, '女', NULL, 2, 1, NULL);
INSERT INTO `user` VALUES (103, 'Leslie Olson', 'Leslie Olson', '123', 21, '女', NULL, 2, 1, NULL);
INSERT INTO `user` VALUES (104, 'Masuda Shino', 'Masuda Shino', '123', 22, '女', NULL, 2, 1, NULL);
INSERT INTO `user` VALUES (105, 'Rose Alvarez', 'Rose Alvarez', '123', 23, '女', NULL, 2, 1, NULL);
INSERT INTO `user` VALUES (106, 'Hui Ka Keung', 'Hui Ka Keung', '123', 26, '男', NULL, 2, 1, NULL);
INSERT INTO `user` VALUES (107, 'Goto Yuito', 'Goto Yuito', '123', 28, '男', NULL, 2, 1, NULL);
INSERT INTO `user` VALUES (108, 'Tsang Ka Man', 'Tsang Ka Man', '123', 26, '男', NULL, 2, 1, NULL);
INSERT INTO `user` VALUES (109, 'Sato Daichi', 'Sato Daichi', '123', 24, '男', NULL, 2, 1, NULL);
INSERT INTO `user` VALUES (110, 'Ren Zitao', 'Ren Zitao', '123', 24, '男', NULL, 2, 1, NULL);
INSERT INTO `user` VALUES (111, 'Takeuchi Daisuke', 'Takeuchi Daisuke', '123', 22, '男', NULL, 2, 1, NULL);
INSERT INTO `user` VALUES (112, 'Kong Zhennan', 'Kong Zhennan', '123', 25, '男', NULL, 2, 1, NULL);
INSERT INTO `user` VALUES (113, 'Murata Sara', 'Murata Sara', '123', 23, '女', NULL, 2, 1, NULL);
INSERT INTO `user` VALUES (114, 'Kwong Ming Sze', 'Kwong Ming Sze', '123', 24, '女', NULL, 2, 1, NULL);
INSERT INTO `user` VALUES (115, 'Yam Ka Keung', 'Yam Ka Keung', '123', 26, '男', NULL, 2, 1, NULL);
INSERT INTO `user` VALUES (116, 'Lu Shihan', 'Lu Shihan', '123', 30, '女', NULL, 2, 1, NULL);
INSERT INTO `user` VALUES (117, 'Koo Siu Wai', 'Koo Siu Wai', '123', 28, '女', NULL, 2, 1, NULL);
INSERT INTO `user` VALUES (118, 'Pan Zhiyuan', 'Pan Zhiyuan', '123', 22, '男', NULL, 2, 1, NULL);
INSERT INTO `user` VALUES (119, 'Jimmy Roberts', 'Jimmy Roberts', '123', 28, '男', NULL, 2, 1, NULL);
INSERT INTO `user` VALUES (120, 'Ma Jialun', 'Ma Jialun', '123', 21, '男', NULL, 2, 1, NULL);
INSERT INTO `user` VALUES (121, 'Yu Lan', 'Yu Lan', '123', 28, '女', NULL, 2, 1, NULL);
INSERT INTO `user` VALUES (122, 'Leung Tin Wing', 'Leung Tin Wing', '123', 26, '男', NULL, 2, 1, NULL);
INSERT INTO `user` VALUES (123, 'Yu Zitao', 'Yu Zitao', '123', 27, '男', NULL, 2, 1, NULL);
INSERT INTO `user` VALUES (124, 'Ho Wing Suen', 'Ho Wing Suen', '123', 23, '女', NULL, 2, 1, NULL);
INSERT INTO `user` VALUES (125, 'Mui Chung Yin', 'Mui Chung Yin', '123', 28, '男', NULL, 2, 1, NULL);
INSERT INTO `user` VALUES (126, 'Sheh Chun Yu', 'Sheh Chun Yu', '123', 30, '男', NULL, 2, 1, NULL);
INSERT INTO `user` VALUES (127, 'Louise Wood', 'Louise Wood', '123', 27, '女', NULL, 2, 1, NULL);
INSERT INTO `user` VALUES (128, 'Ichikawa Hana', 'Ichikawa Hana', '123', 24, '女', NULL, 2, 1, NULL);
INSERT INTO `user` VALUES (129, 'Takahashi Yuna', 'Takahashi Yuna', '123', 27, '女', NULL, 2, 1, NULL);
INSERT INTO `user` VALUES (130, 'Ralph Aguilar', 'Ralph Aguilar', '123', 20, '男', NULL, 2, 1, NULL);
INSERT INTO `user` VALUES (131, 'Gerald Evans', 'Gerald Evans', '123', 23, '男', NULL, 2, 1, NULL);
INSERT INTO `user` VALUES (132, 'Micheal Stewart', 'Micheal Stewart', '123', 23, '男', NULL, 2, 1, NULL);
INSERT INTO `user` VALUES (133, 'Lok Ka Man', 'Lok Ka Man', '123', 25, '男', NULL, 2, 1, NULL);
INSERT INTO `user` VALUES (134, 'Cheng Lu', 'Cheng Lu', '123', 24, '女', NULL, 2, 1, NULL);
INSERT INTO `user` VALUES (135, 'Jin Lu', 'Jin Lu', '123', 22, '女', NULL, 2, 1, NULL);
INSERT INTO `user` VALUES (136, 'Nakamori Mai', 'Nakamori Mai', '123', 22, '女', NULL, 2, 1, NULL);
INSERT INTO `user` VALUES (137, 'Fong Yun Fat', 'Fong Yun Fat', '123', 25, '男', NULL, 2, 1, NULL);
INSERT INTO `user` VALUES (138, 'Richard Roberts', 'Richard Roberts', '123', 24, '男', NULL, 2, 1, NULL);
INSERT INTO `user` VALUES (139, 'James Baker', 'James Baker', '123', 20, '男', NULL, 2, 1, NULL);
INSERT INTO `user` VALUES (140, 'Fu Fu Shing', 'Fu Fu Shing', '123', 29, '男', NULL, 2, 1, NULL);
INSERT INTO `user` VALUES (141, 'Qin Jialun', 'Qin Jialun', '123', 25, '男', NULL, 2, 1, NULL);
INSERT INTO `user` VALUES (142, 'Carrie Hamilton', 'Carrie Hamilton', '123', 20, '女', NULL, 2, 1, NULL);
INSERT INTO `user` VALUES (143, 'So Ka Keung', 'So Ka Keung', '123', 20, '男', NULL, 2, 1, NULL);
INSERT INTO `user` VALUES (144, 'Li Anqi', 'Li Anqi', '123', 28, '女', NULL, 2, 1, NULL);
INSERT INTO `user` VALUES (145, 'Hui Fu Shing', 'Hui Fu Shing', '123', 22, '男', NULL, 2, 1, NULL);
INSERT INTO `user` VALUES (146, 'Janet Boyd', 'Janet Boyd', '123', 28, '女', NULL, 2, 1, NULL);
INSERT INTO `user` VALUES (147, 'Laura Clark', 'Laura Clark', '123', 27, '女', NULL, 2, 1, NULL);
INSERT INTO `user` VALUES (148, 'Yeung Ming', 'Yeung Ming', '123', 29, '男', NULL, 2, 1, NULL);
INSERT INTO `user` VALUES (149, 'Clara Ramos', 'Clara Ramos', '123', 28, '女', NULL, 2, 1, NULL);
INSERT INTO `user` VALUES (150, 'Deborah Owens', 'Deborah Owens', '123', 29, '女', NULL, 2, 1, NULL);
INSERT INTO `user` VALUES (151, 'Clarence Simmons', 'Clarence Simmons', '123', 30, '男', NULL, 2, 1, NULL);
INSERT INTO `user` VALUES (152, 'Luo Lan', 'Luo Lan', '123', 26, '女', NULL, 2, 1, NULL);
INSERT INTO `user` VALUES (153, 'Yam Wing Suen', 'Yam Wing Suen', '123', 22, '女', NULL, 2, 1, NULL);
INSERT INTO `user` VALUES (154, 'Masuda Takuya', 'Masuda Takuya', '123', 20, '男', NULL, 2, 1, NULL);
INSERT INTO `user` VALUES (155, 'Chan Tin Wing', 'Chan Tin Wing', '123', 28, '男', NULL, 2, 1, NULL);
INSERT INTO `user` VALUES (156, 'Ho Ka Man', 'Ho Ka Man', '123', 27, '男', NULL, 2, 1, NULL);
INSERT INTO `user` VALUES (157, 'Hung Chung Yin', 'Hung Chung Yin', '123', 22, '男', NULL, 2, 1, NULL);
INSERT INTO `user` VALUES (158, 'Pang Yu Ling', 'Pang Yu Ling', '123', 26, '女', NULL, 2, 1, NULL);
INSERT INTO `user` VALUES (159, 'Mori Misaki', 'Mori Misaki', '123', 25, '女', NULL, 2, 1, NULL);
INSERT INTO `user` VALUES (160, 'Ku Ming Sze', 'Ku Ming Sze', '123', 26, '女', NULL, 2, 1, NULL);
INSERT INTO `user` VALUES (161, 'Lu Shihan', 'Lu Shihan', '123', 26, '女', NULL, 2, 1, NULL);
INSERT INTO `user` VALUES (162, 'Martin Vasquez', 'Martin Vasquez', '123', 23, '男', NULL, 2, 1, NULL);
INSERT INTO `user` VALUES (163, 'Kathy Marshall', 'Kathy Marshall', '123', 21, '女', NULL, 2, 1, NULL);
INSERT INTO `user` VALUES (164, 'Wong Wing Fat', 'Wong Wing Fat', '123', 25, '男', NULL, 2, 1, NULL);
INSERT INTO `user` VALUES (165, 'Tse Wing Kuen', 'Tse Wing Kuen', '123', 25, '男', NULL, 2, 1, NULL);
INSERT INTO `user` VALUES (166, 'Gao Yunxi', 'Gao Yunxi', '123', 24, '男', NULL, 2, 1, NULL);
INSERT INTO `user` VALUES (167, 'Zeng Zhiyuan', 'Zeng Zhiyuan', '123', 25, '男', NULL, 2, 1, NULL);
INSERT INTO `user` VALUES (168, 'Ma Tak Wah', 'Ma Tak Wah', '123', 25, '男', NULL, 2, 1, NULL);
INSERT INTO `user` VALUES (169, 'Sano Yuna', 'Sano Yuna', '123', 27, '女', NULL, 2, 1, NULL);
INSERT INTO `user` VALUES (170, 'Philip Schmidt', 'Philip Schmidt', '123', 27, '男', NULL, 2, 1, NULL);
INSERT INTO `user` VALUES (171, 'Willie Jones', 'Willie Jones', '123', 21, '男', NULL, 2, 1, NULL);
INSERT INTO `user` VALUES (172, 'Lai Wing Suen', 'Lai Wing Suen', '123', 28, '女', NULL, 2, 1, NULL);
INSERT INTO `user` VALUES (173, 'Zheng Zhennan', 'Zheng Zhennan', '123', 25, '男', NULL, 2, 1, NULL);
INSERT INTO `user` VALUES (174, 'Florence Payne', 'Florence Payne', '123', 21, '女', NULL, 2, 1, NULL);
INSERT INTO `user` VALUES (175, 'Ding Yunxi', 'Ding Yunxi', '123', 24, '男', NULL, 2, 1, NULL);
INSERT INTO `user` VALUES (176, 'Leung Tsz Hin', 'Leung Tsz Hin', '123', 28, '男', NULL, 2, 1, NULL);
INSERT INTO `user` VALUES (177, 'Tong Yu Ling', 'Tong Yu Ling', '123', 25, '女', NULL, 2, 1, NULL);
INSERT INTO `user` VALUES (178, 'Sheh Wai Han', 'Sheh Wai Han', '123', 25, '女', NULL, 2, 1, NULL);
INSERT INTO `user` VALUES (179, 'Tanaka Kasumi', 'Tanaka Kasumi', '123', 25, '男', NULL, 2, 1, NULL);
INSERT INTO `user` VALUES (180, 'Cui Shihan', 'Cui Shihan', '123', 23, '女', NULL, 2, 1, NULL);
INSERT INTO `user` VALUES (181, 'Miyazaki Ren', 'Miyazaki Ren', '123', 26, '女', NULL, 2, 1, NULL);
INSERT INTO `user` VALUES (182, 'Tao On Na', 'Tao On Na', '123', 24, '女', NULL, 2, 1, NULL);
INSERT INTO `user` VALUES (183, 'Laura Davis', 'Laura Davis', '123', 29, '女', NULL, 2, 1, NULL);
INSERT INTO `user` VALUES (184, 'Catherine Fernandez', 'Catherine Fernandez', '123', 29, '女', NULL, 2, 1, NULL);
INSERT INTO `user` VALUES (185, 'Gao Shihan', 'Gao Shihan', '123', 21, '女', NULL, 2, 1, NULL);
INSERT INTO `user` VALUES (186, 'Yuen Wai Man', 'Yuen Wai Man', '123', 30, '女', NULL, 2, 1, NULL);
INSERT INTO `user` VALUES (187, 'Ma Xiaoming', 'Ma Xiaoming', '123', 22, '男', NULL, 2, 1, NULL);
INSERT INTO `user` VALUES (188, 'Harada Yamato', 'Harada Yamato', '123', 22, '男', NULL, 2, 1, NULL);
INSERT INTO `user` VALUES (189, 'Yuen Wai Han', 'Yuen Wai Han', '123', 29, '女', NULL, 2, 1, NULL);
INSERT INTO `user` VALUES (190, 'Chung Wai Man', 'Chung Wai Man', '123', 24, '女', NULL, 2, 1, NULL);
INSERT INTO `user` VALUES (191, 'Heung Lik Sun', 'Heung Lik Sun', '123', 25, '男', NULL, 2, 1, NULL);
INSERT INTO `user` VALUES (192, 'Goto Riku', 'Goto Riku', '123', 21, '男', NULL, 2, 1, NULL);
INSERT INTO `user` VALUES (193, 'Yang Zitao', 'Yang Zitao', '123', 21, '男', NULL, 2, 1, NULL);
INSERT INTO `user` VALUES (194, 'Lo Chi Ming', 'Lo Chi Ming', '123', 27, '男', NULL, 2, 1, NULL);
INSERT INTO `user` VALUES (195, 'Paul Diaz', 'Paul Diaz', '123', 27, '男', NULL, 2, 1, NULL);
INSERT INTO `user` VALUES (196, 'Ng Sze Kwan', 'Ng Sze Kwan', '123', 23, '女', NULL, 2, 1, NULL);
INSERT INTO `user` VALUES (197, 'Miura Yota', 'Miura Yota', '123', 20, '男', NULL, 2, 1, NULL);
INSERT INTO `user` VALUES (198, 'Yamazaki Eita', 'Yamazaki Eita', '123', 29, '女', NULL, 2, 1, NULL);
INSERT INTO `user` VALUES (199, 'Lu Ziyi', 'Lu Ziyi', '123', 23, '男', NULL, 2, 1, NULL);
INSERT INTO `user` VALUES (200, 'Yamazaki Hana', 'Yamazaki Hana', '123', 24, '女', NULL, 2, 1, NULL);
INSERT INTO `user` VALUES (201, 'Yokoyama Hikari', 'Yokoyama Hikari', '123', 24, '女', NULL, 2, 1, NULL);
INSERT INTO `user` VALUES (202, 'Ying Wing Suen', 'Ying Wing Suen', '123', 21, '女', NULL, 2, 1, NULL);
INSERT INTO `user` VALUES (203, 'Yang Shihan', 'Yang Shihan', '123', 20, '女', NULL, 2, 1, NULL);
INSERT INTO `user` VALUES (204, 'Dong Lan', 'Dong Lan', '123', 21, '女', NULL, 2, 1, NULL);
INSERT INTO `user` VALUES (205, 'Kong Ka Fai', 'Kong Ka Fai', '123', 20, '男', NULL, 2, 1, NULL);
INSERT INTO `user` VALUES (206, 'Yokoyama Aoi', 'Yokoyama Aoi', '123', 25, '女', NULL, 2, 1, NULL);
INSERT INTO `user` VALUES (207, 'Mui Wai Yee', 'Mui Wai Yee', '123', 28, '女', NULL, 2, 1, NULL);
INSERT INTO `user` VALUES (208, 'Meng Anqi', 'Meng Anqi', '123', 28, '女', NULL, 2, 1, NULL);
INSERT INTO `user` VALUES (209, 'Ueno Momoka', 'Ueno Momoka', '123', 24, '女', NULL, 2, 1, NULL);
INSERT INTO `user` VALUES (210, 'Wei Rui', 'Wei Rui', '123', 27, '男', NULL, 2, 1, NULL);
INSERT INTO `user` VALUES (211, 'Lo Sum Wing', 'Lo Sum Wing', '123', 21, '女', NULL, 2, 1, NULL);
INSERT INTO `user` VALUES (212, 'Lam Suk Yee', 'Lam Suk Yee', '123', 29, '女', NULL, 2, 1, NULL);
INSERT INTO `user` VALUES (213, 'Yao Yuning', 'Yao Yuning', '123', 27, '男', NULL, 2, 1, NULL);
INSERT INTO `user` VALUES (214, 'Chris Woods', 'Chris Woods', '123', 27, '男', NULL, 2, 1, NULL);
INSERT INTO `user` VALUES (215, 'Wong Ching Wan', 'Wong Ching Wan', '123', 22, '男', NULL, 2, 1, NULL);
INSERT INTO `user` VALUES (216, 'Ruth Murphy', 'Ruth Murphy', '123', 28, '女', NULL, 2, 1, NULL);
INSERT INTO `user` VALUES (217, 'Xiong Xiuying', 'Xiong Xiuying', '123', 26, '女', NULL, 2, 1, NULL);
INSERT INTO `user` VALUES (218, 'Frank Brown', 'Frank Brown', '123', 23, '男', NULL, 2, 1, NULL);
INSERT INTO `user` VALUES (219, 'Hara Tsubasa', 'Hara Tsubasa', '123', 23, '男', NULL, 2, 1, NULL);
INSERT INTO `user` VALUES (220, 'Rose Warren', 'Rose Warren', '123', 29, '女', NULL, 2, 1, NULL);
INSERT INTO `user` VALUES (221, 'Bonnie Payne', 'Bonnie Payne', '123', 26, '女', NULL, 2, 1, NULL);
INSERT INTO `user` VALUES (222, 'Arai Ren', 'Arai Ren', '123', 26, '女', NULL, 2, 1, NULL);
INSERT INTO `user` VALUES (223, 'Pan Xiaoming', 'Pan Xiaoming', '123', 23, '男', NULL, 2, 1, NULL);
INSERT INTO `user` VALUES (224, 'Tsang Ka Ling', 'Tsang Ka Ling', '123', 26, '女', NULL, 2, 1, NULL);
INSERT INTO `user` VALUES (225, 'Kong Ka Ling', 'Kong Ka Ling', '123', 29, '女', NULL, 2, 1, NULL);
INSERT INTO `user` VALUES (226, 'Joel Baker', 'Joel Baker', '123', 28, '男', NULL, 2, 1, NULL);
INSERT INTO `user` VALUES (227, 'Curtis Payne', 'Curtis Payne', '123', 25, '男', NULL, 2, 1, NULL);
INSERT INTO `user` VALUES (228, 'Lo Ming', 'Lo Ming', '123', 23, '男', NULL, 2, 1, NULL);
INSERT INTO `user` VALUES (229, 'Cao Yunxi', 'Cao Yunxi', '123', 30, '男', NULL, 2, 1, NULL);
INSERT INTO `user` VALUES (230, 'Douglas Roberts', 'Douglas Roberts', '123', 22, '男', NULL, 2, 1, NULL);
INSERT INTO `user` VALUES (231, 'Watanabe Momoka', 'Watanabe Momoka', '123', 29, '女', NULL, 2, 1, NULL);
INSERT INTO `user` VALUES (232, 'Kwan Wai Man', 'Kwan Wai Man', '123', 29, '女', NULL, 2, 1, NULL);
INSERT INTO `user` VALUES (233, 'Ren Ziyi', 'Ren Ziyi', '123', 21, '男', NULL, 2, 1, NULL);
INSERT INTO `user` VALUES (234, 'Kwan Wing Sze', 'Kwan Wing Sze', '123', 28, '女', NULL, 2, 1, NULL);
INSERT INTO `user` VALUES (235, 'Cheng Chi Yuen', 'Cheng Chi Yuen', '123', 26, '男', NULL, 2, 1, NULL);
INSERT INTO `user` VALUES (236, 'Qian Jiehong', 'Qian Jiehong', '123', 25, '男', NULL, 2, 1, NULL);
INSERT INTO `user` VALUES (237, 'Lin Jialun', 'Lin Jialun', '123', 27, '男', NULL, 2, 1, NULL);
INSERT INTO `user` VALUES (238, 'Jiang Yuning', 'Jiang Yuning', '123', 26, '男', NULL, 2, 1, NULL);
INSERT INTO `user` VALUES (239, 'Tam Chung Yin', 'Tam Chung Yin', '123', 29, '男', NULL, 2, 1, NULL);
INSERT INTO `user` VALUES (240, 'Iwasaki Yuito', 'Iwasaki Yuito', '123', 20, '男', NULL, 2, 1, NULL);
INSERT INTO `user` VALUES (241, 'Ueda Aoshi', 'Ueda Aoshi', '123', 26, '男', NULL, 2, 1, NULL);
INSERT INTO `user` VALUES (242, 'Matsumoto Ayano', 'Matsumoto Ayano', '123', 29, '女', NULL, 2, 1, NULL);
INSERT INTO `user` VALUES (243, 'Dong Jiehong', 'Dong Jiehong', '123', 28, '男', NULL, 2, 1, NULL);
INSERT INTO `user` VALUES (244, 'Gerald Garcia', 'Gerald Garcia', '123', 27, '男', NULL, 2, 1, NULL);
INSERT INTO `user` VALUES (245, 'Nakayama Ayano', 'Nakayama Ayano', '123', 29, '女', NULL, 2, 1, NULL);
INSERT INTO `user` VALUES (246, 'Yan Lan', 'Yan Lan', '123', 20, '女', NULL, 2, 1, NULL);
INSERT INTO `user` VALUES (247, 'Sasaki Shino', 'Sasaki Shino', '123', 29, '女', NULL, 2, 1, NULL);
INSERT INTO `user` VALUES (248, 'Takagi Miu', 'Takagi Miu', '123', 25, '女', NULL, 2, 1, NULL);
INSERT INTO `user` VALUES (249, 'Lu Jialun', 'Lu Jialun', '123', 29, '男', NULL, 2, 1, NULL);
INSERT INTO `user` VALUES (250, 'Richard Burns', 'Richard Burns', '123', 29, '男', NULL, 2, 1, NULL);
INSERT INTO `user` VALUES (251, 'Linda Spencer', 'Linda Spencer', '123', 27, '女', NULL, 2, 1, NULL);
INSERT INTO `user` VALUES (252, 'Ng On Na', 'Ng On Na', '123', 28, '女', NULL, 2, 1, NULL);
INSERT INTO `user` VALUES (253, 'Tang Wai Lam', 'Tang Wai Lam', '123', 23, '女', NULL, 2, 1, NULL);
INSERT INTO `user` VALUES (254, 'Huang Xiuying', 'Huang Xiuying', '123', 29, '女', NULL, 2, 1, NULL);
INSERT INTO `user` VALUES (255, 'Yan Yunxi', 'Yan Yunxi', '123', 30, '男', NULL, 2, 1, NULL);
INSERT INTO `user` VALUES (256, 'Nakagawa Mai', 'Nakagawa Mai', '123', 29, '女', NULL, 2, 1, NULL);
INSERT INTO `user` VALUES (257, 'Ti Ka Keung', 'Ti Ka Keung', '123', 25, '男', NULL, 2, 1, NULL);
INSERT INTO `user` VALUES (258, 'Yamamoto Momoe', 'Yamamoto Momoe', '123', 28, '女', NULL, 2, 1, NULL);
INSERT INTO `user` VALUES (259, 'Sheh On Na', 'Sheh On Na', '123', 28, '女', NULL, 2, 1, NULL);
INSERT INTO `user` VALUES (260, 'Wada Aoi', 'Wada Aoi', '123', 22, '女', NULL, 2, 1, NULL);
INSERT INTO `user` VALUES (261, 'Tong Wai Man', 'Tong Wai Man', '123', 25, '女', NULL, 2, 1, NULL);
INSERT INTO `user` VALUES (262, 'Jeremy Herrera', 'Jeremy Herrera', '123', 23, '男', NULL, 2, 1, NULL);
INSERT INTO `user` VALUES (263, 'Ikeda Misaki', 'Ikeda Misaki', '123', 24, '女', NULL, 2, 1, NULL);
INSERT INTO `user` VALUES (264, 'Beverly Barnes', 'Beverly Barnes', '123', 28, '女', NULL, 2, 1, NULL);
INSERT INTO `user` VALUES (265, 'Cindy Robinson', 'Cindy Robinson', '123', 21, '女', NULL, 2, 1, NULL);
INSERT INTO `user` VALUES (266, 'Mok Sze Yu', 'Mok Sze Yu', '123', 22, '女', NULL, 2, 1, NULL);
INSERT INTO `user` VALUES (267, 'Hirano Rin', 'Hirano Rin', '123', 26, '女', NULL, 2, 1, NULL);
INSERT INTO `user` VALUES (268, 'Liao Rui', 'Liao Rui', '123', 23, '男', NULL, 2, 1, NULL);
INSERT INTO `user` VALUES (269, 'Sit Wing Sze', 'Sit Wing Sze', '123', 23, '女', NULL, 2, 1, NULL);
INSERT INTO `user` VALUES (270, 'Lee Chun Yu', 'Lee Chun Yu', '123', 25, '男', NULL, 2, 1, NULL);
INSERT INTO `user` VALUES (271, 'Cheng On Kay', 'Cheng On Kay', '123', 22, '女', NULL, 2, 1, NULL);
INSERT INTO `user` VALUES (272, 'Vincent Peterson', 'Vincent Peterson', '123', 24, '男', NULL, 2, 1, NULL);
INSERT INTO `user` VALUES (273, 'Juan Gonzales', 'Juan Gonzales', '123', 22, '男', NULL, 2, 1, NULL);
INSERT INTO `user` VALUES (274, 'Ng Wai Man', 'Ng Wai Man', '123', 20, '女', NULL, 2, 1, NULL);
INSERT INTO `user` VALUES (275, 'Ando Momoe', 'Ando Momoe', '123', 21, '女', NULL, 2, 1, NULL);
INSERT INTO `user` VALUES (276, 'Kaneko Hikari', 'Kaneko Hikari', '123', 26, '女', NULL, 2, 1, NULL);
INSERT INTO `user` VALUES (277, 'Watanabe Momoe', 'Watanabe Momoe', '123', 28, '女', NULL, 2, 1, NULL);
INSERT INTO `user` VALUES (278, 'Sheh Kar Yan', 'Sheh Kar Yan', '123', 29, '女', NULL, 2, 1, NULL);
INSERT INTO `user` VALUES (279, 'Jesus Thompson', 'Jesus Thompson', '123', 23, '男', NULL, 2, 1, NULL);
INSERT INTO `user` VALUES (280, 'Mario Murray', 'Mario Murray', '123', 23, '男', NULL, 2, 1, NULL);
INSERT INTO `user` VALUES (281, 'Charlotte Parker', 'Charlotte Parker', '123', 21, '女', NULL, 2, 1, NULL);
INSERT INTO `user` VALUES (282, 'Yamada Aoi', 'Yamada Aoi', '123', 24, '女', NULL, 2, 1, NULL);
INSERT INTO `user` VALUES (283, 'Shen Xiaoming', 'Shen Xiaoming', '123', 22, '男', NULL, 2, 1, NULL);
INSERT INTO `user` VALUES (284, 'Song Zitao', 'Song Zitao', '123', 23, '男', NULL, 2, 1, NULL);
INSERT INTO `user` VALUES (285, 'Earl Price', 'Earl Price', '123', 28, '男', NULL, 2, 1, NULL);
INSERT INTO `user` VALUES (286, 'Pak Ling Ling', 'Pak Ling Ling', '123', 22, '女', NULL, 2, 1, NULL);
INSERT INTO `user` VALUES (287, 'Miyazaki Yuna', 'Miyazaki Yuna', '123', 26, '女', NULL, 2, 1, NULL);
INSERT INTO `user` VALUES (288, 'Beverly Morris', 'Beverly Morris', '123', 26, '女', NULL, 2, 1, NULL);
INSERT INTO `user` VALUES (289, 'Watanabe Akina', 'Watanabe Akina', '123', 27, '女', NULL, 2, 1, NULL);
INSERT INTO `user` VALUES (290, 'Linda Clark', 'Linda Clark', '123', 24, '女', NULL, 2, 1, NULL);
INSERT INTO `user` VALUES (291, 'Lam Hui Mei', 'Lam Hui Mei', '123', 22, '女', NULL, 2, 1, NULL);
INSERT INTO `user` VALUES (292, 'Albert Mcdonald', 'Albert Mcdonald', '123', 25, '男', NULL, 2, 1, NULL);
INSERT INTO `user` VALUES (293, 'Rhonda Ortiz', 'Rhonda Ortiz', '123', 30, '女', NULL, 2, 1, NULL);
INSERT INTO `user` VALUES (294, 'Jonathan Foster', 'Jonathan Foster', '123', 22, '男', NULL, 2, 1, NULL);
INSERT INTO `user` VALUES (295, 'Ying Kwok Kuen', 'Ying Kwok Kuen', '123', 20, '男', NULL, 2, 1, NULL);
INSERT INTO `user` VALUES (296, 'Hsuan Sau Man', 'Hsuan Sau Man', '123', 30, '女', NULL, 2, 1, NULL);
INSERT INTO `user` VALUES (297, 'Victoria Grant', 'Victoria Grant', '123', 26, '女', NULL, 2, 1, NULL);
INSERT INTO `user` VALUES (298, 'Au Fat', 'Au Fat', '123', 27, '男', NULL, 2, 1, NULL);
INSERT INTO `user` VALUES (299, 'Tin Chi Ming', 'Tin Chi Ming', '123', 29, '男', NULL, 2, 1, NULL);
INSERT INTO `user` VALUES (300, 'Lu Zhennan', 'Lu Zhennan', '123', 24, '男', NULL, 2, 1, NULL);
INSERT INTO `user` VALUES (301, 'Yamashita Hazuki', 'Yamashita Hazuki', '123', 29, '女', NULL, 2, 1, NULL);
INSERT INTO `user` VALUES (302, 'Tanaka Ayano', 'Tanaka Ayano', '123', 23, '女', NULL, 2, 1, NULL);
INSERT INTO `user` VALUES (303, 'Saito Yuna', 'Saito Yuna', '123', 22, '女', NULL, 2, 1, NULL);
INSERT INTO `user` VALUES (304, 'Meng Ching Wan', 'Meng Ching Wan', '123', 27, '男', NULL, 2, 1, NULL);
INSERT INTO `user` VALUES (305, 'Qiu Rui', 'Qiu Rui', '123', 29, '男', NULL, 2, 1, NULL);
INSERT INTO `user` VALUES (306, 'Murakami Rena', 'Murakami Rena', '123', 29, '女', NULL, 2, 1, NULL);
INSERT INTO `user` VALUES (307, 'Tin Cho Yee', 'Tin Cho Yee', '123', 21, '女', NULL, 2, 1, NULL);
INSERT INTO `user` VALUES (308, 'Henry Guzman', 'Henry Guzman', '123', 21, '男', NULL, 2, 1, NULL);
INSERT INTO `user` VALUES (309, 'Yam Lai Yan', 'Yam Lai Yan', '123', 27, '女', NULL, 2, 1, NULL);
INSERT INTO `user` VALUES (310, 'Pamela Gardner', 'Pamela Gardner', '123', 24, '女', NULL, 2, 1, NULL);
INSERT INTO `user` VALUES (311, 'Deborah Powell', 'Deborah Powell', '123', 21, '女', NULL, 2, 1, NULL);
INSERT INTO `user` VALUES (312, 'Hu Yuning', 'Hu Yuning', '123', 30, '男', NULL, 2, 1, NULL);
INSERT INTO `user` VALUES (313, 'Morita Airi', 'Morita Airi', '123', 25, '女', NULL, 2, 1, NULL);
INSERT INTO `user` VALUES (314, 'Jacqueline Holmes', 'Jacqueline Holmes', '123', 25, '女', NULL, 2, 1, NULL);
INSERT INTO `user` VALUES (315, 'Chu Sai Wing', 'Chu Sai Wing', '123', 23, '男', NULL, 2, 1, NULL);
INSERT INTO `user` VALUES (316, 'Tang Xiuying', 'Tang Xiuying', '123', 29, '女', NULL, 2, 1, NULL);
INSERT INTO `user` VALUES (317, 'Shi Lan', 'Shi Lan', '123', 21, '女', NULL, 2, 1, NULL);
INSERT INTO `user` VALUES (318, 'Lau Ka Ling', 'Lau Ka Ling', '123', 29, '女', NULL, 2, 1, NULL);
INSERT INTO `user` VALUES (319, 'Su Yunxi', 'Su Yunxi', '123', 22, '男', NULL, 2, 1, NULL);
INSERT INTO `user` VALUES (320, 'Matsui Rena', 'Matsui Rena', '123', 28, '女', NULL, 2, 1, NULL);
INSERT INTO `user` VALUES (321, 'Imai Daisuke', 'Imai Daisuke', '123', 25, '男', NULL, 2, 1, NULL);
INSERT INTO `user` VALUES (322, 'Miura Hikari', 'Miura Hikari', '123', 20, '女', NULL, 2, 1, NULL);
INSERT INTO `user` VALUES (323, 'Lee Hok Yau', 'Lee Hok Yau', '123', 29, '男', NULL, 2, 1, NULL);
INSERT INTO `user` VALUES (324, 'Jamie Robinson', 'Jamie Robinson', '123', 28, '女', NULL, 2, 1, NULL);
INSERT INTO `user` VALUES (325, 'Norma Rivera', 'Norma Rivera', '123', 25, '女', NULL, 2, 1, NULL);
INSERT INTO `user` VALUES (326, 'Justin Wagner', 'Justin Wagner', '123', 23, '男', NULL, 2, 1, NULL);
INSERT INTO `user` VALUES (327, 'Hasegawa Sara', 'Hasegawa Sara', '123', 20, '女', NULL, 2, 1, NULL);
INSERT INTO `user` VALUES (328, 'Edwin Brooks', 'Edwin Brooks', '123', 21, '男', NULL, 2, 1, NULL);
INSERT INTO `user` VALUES (329, 'Ralph Mason', 'Ralph Mason', '123', 26, '男', NULL, 2, 1, NULL);
INSERT INTO `user` VALUES (330, 'Yoshida Yamato', 'Yoshida Yamato', '123', 27, '男', NULL, 2, 1, NULL);
INSERT INTO `user` VALUES (331, 'Lai Chun Yu', 'Lai Chun Yu', '123', 20, '男', NULL, 2, 1, NULL);
INSERT INTO `user` VALUES (332, 'Ma Ziyi', 'Ma Ziyi', '123', 23, '男', NULL, 2, 1, NULL);
INSERT INTO `user` VALUES (333, 'Maeda Yuto', 'Maeda Yuto', '123', 23, '男', NULL, 2, 1, NULL);
INSERT INTO `user` VALUES (334, 'Su Zhennan', 'Su Zhennan', '123', 29, '男', NULL, 2, 1, NULL);
INSERT INTO `user` VALUES (335, 'Sakurai Akina', 'Sakurai Akina', '123', 24, '女', NULL, 2, 1, NULL);
INSERT INTO `user` VALUES (336, 'Shing Yu Ling', 'Shing Yu Ling', '123', 22, '女', NULL, 2, 1, NULL);
INSERT INTO `user` VALUES (337, 'Ying Tin Wing', 'Ying Tin Wing', '123', 25, '男', NULL, 2, 1, NULL);
INSERT INTO `user` VALUES (338, 'Chic Kwok Yin', 'Chic Kwok Yin', '123', 20, '男', NULL, 2, 1, NULL);
INSERT INTO `user` VALUES (339, 'Randy Soto', 'Randy Soto', '123', 26, '男', NULL, 2, 1, NULL);
INSERT INTO `user` VALUES (340, 'Wu Rui', 'Wu Rui', '123', 24, '男', NULL, 2, 1, NULL);
INSERT INTO `user` VALUES (341, 'Fong Wing Sze', 'Fong Wing Sze', '123', 23, '女', NULL, 2, 1, NULL);
INSERT INTO `user` VALUES (342, 'Chin Wai Man', 'Chin Wai Man', '123', 29, '女', NULL, 2, 1, NULL);
INSERT INTO `user` VALUES (343, 'Robert Holmes', 'Robert Holmes', '123', 29, '男', NULL, 2, 1, NULL);
INSERT INTO `user` VALUES (344, 'Lam Yun Fat', 'Lam Yun Fat', '123', 26, '男', NULL, 2, 1, NULL);
INSERT INTO `user` VALUES (345, 'Yan Xiaoming', 'Yan Xiaoming', '123', 23, '男', NULL, 2, 1, NULL);
INSERT INTO `user` VALUES (346, 'Fu Yu Ling', 'Fu Yu Ling', '123', 27, '女', NULL, 2, 1, NULL);
INSERT INTO `user` VALUES (347, 'Morita Kaito', 'Morita Kaito', '123', 28, '男', NULL, 2, 1, NULL);
INSERT INTO `user` VALUES (348, 'Yuen Yun Fat', 'Yuen Yun Fat', '123', 29, '男', NULL, 2, 1, NULL);
INSERT INTO `user` VALUES (349, 'Hasegawa Mai', 'Hasegawa Mai', '123', 26, '女', NULL, 2, 1, NULL);
INSERT INTO `user` VALUES (350, 'Hayashi Rena', 'Hayashi Rena', '123', 25, '女', NULL, 2, 1, NULL);
INSERT INTO `user` VALUES (351, 'Hara Momoka', 'Hara Momoka', '123', 24, '女', NULL, 2, 1, NULL);
INSERT INTO `user` VALUES (352, 'Eleanor Reed', 'Eleanor Reed', '123', 26, '女', NULL, 2, 1, NULL);
INSERT INTO `user` VALUES (353, 'Donna Davis', 'Donna Davis', '123', 20, '女', NULL, 2, 1, NULL);
INSERT INTO `user` VALUES (354, 'Lok Ho Yin', 'Lok Ho Yin', '123', 26, '男', NULL, 2, 1, NULL);
INSERT INTO `user` VALUES (355, 'Sit Yu Ling', 'Sit Yu Ling', '123', 20, '女', NULL, 2, 1, NULL);
INSERT INTO `user` VALUES (356, 'Yue Chiu Wai', 'Yue Chiu Wai', '123', 23, '男', NULL, 2, 1, NULL);
INSERT INTO `user` VALUES (357, 'Loui Wai Man', 'Loui Wai Man', '123', 28, '女', NULL, 2, 1, NULL);
INSERT INTO `user` VALUES (358, 'Philip Herrera', 'Philip Herrera', '123', 23, '男', NULL, 2, 1, NULL);
INSERT INTO `user` VALUES (359, 'Tse Lai Yan', 'Tse Lai Yan', '123', 23, '女', NULL, 2, 1, NULL);
INSERT INTO `user` VALUES (360, 'Yu Xiaoming', 'Yu Xiaoming', '123', 24, '男', NULL, 2, 1, NULL);
INSERT INTO `user` VALUES (361, 'Ng Cho Yee', 'Ng Cho Yee', '123', 21, '女', NULL, 2, 1, NULL);
INSERT INTO `user` VALUES (362, 'Roger Smith', 'Roger Smith', '123', 27, '男', NULL, 2, 1, NULL);
INSERT INTO `user` VALUES (363, 'Ying Yu Ling', 'Ying Yu Ling', '123', 25, '女', NULL, 2, 1, NULL);
INSERT INTO `user` VALUES (364, 'Chang Sze Yu', 'Chang Sze Yu', '123', 22, '女', NULL, 2, 1, NULL);
INSERT INTO `user` VALUES (365, 'Maruyama Takuya', 'Maruyama Takuya', '123', 28, '男', NULL, 2, 1, NULL);
INSERT INTO `user` VALUES (366, 'Mori Akina', 'Mori Akina', '123', 30, '女', NULL, 2, 1, NULL);
INSERT INTO `user` VALUES (367, 'Tian Rui', 'Tian Rui', '123', 26, '男', NULL, 2, 1, NULL);
INSERT INTO `user` VALUES (368, 'Jimmy West', 'Jimmy West', '123', 23, '男', NULL, 2, 1, NULL);
INSERT INTO `user` VALUES (369, 'Noguchi Ayano', 'Noguchi Ayano', '123', 28, '女', NULL, 2, 1, NULL);
INSERT INTO `user` VALUES (370, 'Carol Mason', 'Carol Mason', '123', 28, '女', NULL, 2, 1, NULL);
INSERT INTO `user` VALUES (371, 'Lok Sze Yu', 'Lok Sze Yu', '123', 24, '女', NULL, 2, 1, NULL);
INSERT INTO `user` VALUES (372, 'Imai Nanami', 'Imai Nanami', '123', 25, '男', NULL, 2, 1, NULL);
INSERT INTO `user` VALUES (373, 'Kathryn Parker', 'Kathryn Parker', '123', 24, '女', NULL, 2, 1, NULL);
INSERT INTO `user` VALUES (374, 'Kaneko Yuto', 'Kaneko Yuto', '123', 21, '男', NULL, 2, 1, NULL);
INSERT INTO `user` VALUES (375, 'Xiong Jiehong', 'Xiong Jiehong', '123', 26, '男', NULL, 2, 1, NULL);
INSERT INTO `user` VALUES (376, 'Pamela Sanders', 'Pamela Sanders', '123', 20, '女', NULL, 2, 1, NULL);
INSERT INTO `user` VALUES (377, 'Miguel Warren', 'Miguel Warren', '123', 25, '男', NULL, 2, 1, NULL);
INSERT INTO `user` VALUES (378, 'Jonathan Anderson', 'Jonathan Anderson', '123', 29, '男', NULL, 2, 1, NULL);
INSERT INTO `user` VALUES (379, 'Fong Wai Yee', 'Fong Wai Yee', '123', 29, '女', NULL, 2, 1, NULL);
INSERT INTO `user` VALUES (380, 'Sasaki Yuto', 'Sasaki Yuto', '123', 21, '男', NULL, 2, 1, NULL);
INSERT INTO `user` VALUES (381, 'Yamamoto Ren', 'Yamamoto Ren', '123', 28, '女', NULL, 2, 1, NULL);
INSERT INTO `user` VALUES (382, 'Jack Ellis', 'Jack Ellis', '123', 24, '男', NULL, 2, 1, NULL);
INSERT INTO `user` VALUES (383, 'Yam Sze Yu', 'Yam Sze Yu', '123', 28, '女', NULL, 2, 1, NULL);
INSERT INTO `user` VALUES (384, 'Doris Ward', 'Doris Ward', '123', 28, '女', NULL, 2, 1, NULL);
INSERT INTO `user` VALUES (385, 'Kikuchi Seiko', 'Kikuchi Seiko', '123', 30, '女', NULL, 2, 1, NULL);
INSERT INTO `user` VALUES (386, 'Anna Hicks', 'Anna Hicks', '123', 29, '女', NULL, 2, 1, NULL);
INSERT INTO `user` VALUES (387, 'Gong Yunxi', 'Gong Yunxi', '123', 20, '男', NULL, 2, 1, NULL);
INSERT INTO `user` VALUES (388, 'Nishimura Miu', 'Nishimura Miu', '123', 27, '女', NULL, 2, 1, NULL);
INSERT INTO `user` VALUES (389, 'Mak Lik Sun', 'Mak Lik Sun', '123', 26, '男', NULL, 2, 1, NULL);
INSERT INTO `user` VALUES (390, 'Susan Spencer', 'Susan Spencer', '123', 20, '女', NULL, 2, 1, NULL);
INSERT INTO `user` VALUES (391, 'Connie West', 'Connie West', '123', 29, '女', NULL, 2, 1, NULL);
INSERT INTO `user` VALUES (392, 'Ishii Kasumi', 'Ishii Kasumi', '123', 22, '男', NULL, 2, 1, NULL);
INSERT INTO `user` VALUES (393, 'Jose Bennett', 'Jose Bennett', '123', 24, '男', NULL, 2, 1, NULL);
INSERT INTO `user` VALUES (394, 'Shibata Ikki', 'Shibata Ikki', '123', 27, '男', NULL, 2, 1, NULL);
INSERT INTO `user` VALUES (395, 'Shibata Mitsuki', 'Shibata Mitsuki', '123', 25, '女', NULL, 2, 1, NULL);
INSERT INTO `user` VALUES (396, 'Norma Lewis', 'Norma Lewis', '123', 22, '女', NULL, 2, 1, NULL);
INSERT INTO `user` VALUES (397, 'Qin Anqi', 'Qin Anqi', '123', 23, '女', NULL, 2, 1, NULL);
INSERT INTO `user` VALUES (398, 'Hu Anqi', 'Hu Anqi', '123', 23, '女', NULL, 2, 1, NULL);
INSERT INTO `user` VALUES (399, 'Kudo Mitsuki', 'Kudo Mitsuki', '123', 26, '女', NULL, 2, 1, NULL);
INSERT INTO `user` VALUES (400, 'Tian Lan', 'Tian Lan', '123', 23, '女', NULL, 2, 1, NULL);
INSERT INTO `user` VALUES (401, 'Koon Kwok Ming', 'Koon Kwok Ming', '123', 22, '男', NULL, 2, 1, NULL);
INSERT INTO `user` VALUES (402, 'Song Rui', 'Song Rui', '123', 29, '男', NULL, 2, 1, NULL);
INSERT INTO `user` VALUES (403, 'Sharon White', 'Sharon White', '123', 21, '女', NULL, 2, 1, NULL);
INSERT INTO `user` VALUES (404, 'Luo Zitao', 'Luo Zitao', '123', 21, '男', NULL, 2, 1, NULL);
INSERT INTO `user` VALUES (405, 'Loui Wing Fat', 'Loui Wing Fat', '123', 29, '男', NULL, 2, 1, NULL);
INSERT INTO `user` VALUES (406, 'Ng Wing Fat', 'Ng Wing Fat', '123', 23, '男', NULL, 2, 1, NULL);
INSERT INTO `user` VALUES (407, 'Pak Kar Yan', 'Pak Kar Yan', '123', 23, '女', NULL, 2, 1, NULL);
INSERT INTO `user` VALUES (408, 'John Phillips', 'John Phillips', '123', 24, '男', NULL, 2, 1, NULL);
INSERT INTO `user` VALUES (409, 'Eva Jackson', 'Eva Jackson', '123', 23, '女', NULL, 2, 1, NULL);
INSERT INTO `user` VALUES (410, 'Julia Nelson', 'Julia Nelson', '123', 21, '女', NULL, 2, 1, NULL);
INSERT INTO `user` VALUES (411, 'Ti On Kay', 'Ti On Kay', '123', 22, '女', NULL, 2, 1, NULL);
INSERT INTO `user` VALUES (412, 'Anthony Davis', 'Anthony Davis', '123', 22, '男', NULL, 2, 1, NULL);
INSERT INTO `user` VALUES (413, 'Fong Sze Kwan', 'Fong Sze Kwan', '123', 21, '女', NULL, 2, 1, NULL);
INSERT INTO `user` VALUES (414, 'Dai Yuning', 'Dai Yuning', '123', 29, '男', NULL, 2, 1, NULL);
INSERT INTO `user` VALUES (415, 'Tse Suk Yee', 'Tse Suk Yee', '123', 26, '女', NULL, 2, 1, NULL);
INSERT INTO `user` VALUES (416, 'Michael Cole', 'Michael Cole', '123', 26, '男', NULL, 2, 1, NULL);
INSERT INTO `user` VALUES (417, 'Inoue Hina', 'Inoue Hina', '123', 20, '女', NULL, 2, 1, NULL);
INSERT INTO `user` VALUES (418, 'Fred Castro', 'Fred Castro', '123', 28, '男', NULL, 2, 1, NULL);
INSERT INTO `user` VALUES (419, 'Hirano Itsuki', 'Hirano Itsuki', '123', 21, '男', NULL, 2, 1, NULL);
INSERT INTO `user` VALUES (420, 'Ying Ka Man', 'Ying Ka Man', '123', 20, '男', NULL, 2, 1, NULL);
INSERT INTO `user` VALUES (421, 'Gary Moore', 'Gary Moore', '123', 28, '男', NULL, 2, 1, NULL);
INSERT INTO `user` VALUES (422, 'Tao Wai Man', 'Tao Wai Man', '123', 24, '女', NULL, 2, 1, NULL);
INSERT INTO `user` VALUES (423, 'Louis Long', 'Louis Long', '123', 21, '男', NULL, 2, 1, NULL);
INSERT INTO `user` VALUES (424, 'Leonard Aguilar', 'Leonard Aguilar', '123', 23, '男', NULL, 2, 1, NULL);
INSERT INTO `user` VALUES (425, 'Ernest Garcia', 'Ernest Garcia', '123', 24, '男', NULL, 2, 1, NULL);
INSERT INTO `user` VALUES (426, 'Cui Zitao', 'Cui Zitao', '123', 27, '男', NULL, 2, 1, NULL);
INSERT INTO `user` VALUES (427, 'Jeffery King', 'Jeffery King', '123', 29, '男', NULL, 2, 1, NULL);
INSERT INTO `user` VALUES (428, 'Xiong Lu', 'Xiong Lu', '123', 25, '女', NULL, 2, 1, NULL);
INSERT INTO `user` VALUES (429, 'Yuen Wai Man', 'Yuen Wai Man', '123', 26, '女', NULL, 2, 1, NULL);
INSERT INTO `user` VALUES (430, 'Hung Yu Ling', 'Hung Yu Ling', '123', 24, '女', NULL, 2, 1, NULL);
INSERT INTO `user` VALUES (431, 'Jia Yunxi', 'Jia Yunxi', '123', 22, '男', NULL, 2, 1, NULL);
INSERT INTO `user` VALUES (432, 'Sakai Shino', 'Sakai Shino', '123', 23, '女', NULL, 2, 1, NULL);
INSERT INTO `user` VALUES (433, 'Tao Shihan', 'Tao Shihan', '123', 24, '女', NULL, 2, 1, NULL);
INSERT INTO `user` VALUES (434, 'Jiang Jiehong', 'Jiang Jiehong', '123', 28, '男', NULL, 2, 1, NULL);
INSERT INTO `user` VALUES (435, 'Peter Gutierrez', 'Peter Gutierrez', '123', 24, '男', NULL, 2, 1, NULL);
INSERT INTO `user` VALUES (436, 'Kyle Jordan', 'Kyle Jordan', '123', 26, '男', NULL, 2, 1, NULL);
INSERT INTO `user` VALUES (437, 'Carlos Guzman', 'Carlos Guzman', '123', 22, '男', NULL, 2, 1, NULL);
INSERT INTO `user` VALUES (438, 'Lok Sum Wing', 'Lok Sum Wing', '123', 23, '女', NULL, 2, 1, NULL);
INSERT INTO `user` VALUES (439, 'Carlos Morales', 'Carlos Morales', '123', 21, '男', NULL, 2, 1, NULL);
INSERT INTO `user` VALUES (440, 'Meng Chung Yin', 'Meng Chung Yin', '123', 25, '男', NULL, 2, 1, NULL);
INSERT INTO `user` VALUES (441, 'Gong Lu', 'Gong Lu', '123', 29, '女', NULL, 2, 1, NULL);
INSERT INTO `user` VALUES (442, 'Lillian Murray', 'Lillian Murray', '123', 26, '女', NULL, 2, 1, NULL);
INSERT INTO `user` VALUES (443, 'Zhong Ziyi', 'Zhong Ziyi', '123', 25, '男', NULL, 2, 1, NULL);
INSERT INTO `user` VALUES (444, 'Sato Aoi', 'Sato Aoi', '123', 26, '女', NULL, 2, 1, NULL);
INSERT INTO `user` VALUES (445, 'Hara Kaito', 'Hara Kaito', '123', 25, '男', NULL, 2, 1, NULL);
INSERT INTO `user` VALUES (446, 'Yeow Kwok Ming', 'Yeow Kwok Ming', '123', 27, '男', NULL, 2, 1, NULL);
INSERT INTO `user` VALUES (447, 'Liao Ming Sze', 'Liao Ming Sze', '123', 22, '女', NULL, 2, 1, NULL);
INSERT INTO `user` VALUES (448, 'Hu Lan', 'Hu Lan', '123', 29, '女', NULL, 2, 1, NULL);
INSERT INTO `user` VALUES (449, 'Lau Suk Yee', 'Lau Suk Yee', '123', 23, '女', NULL, 2, 1, NULL);
INSERT INTO `user` VALUES (450, 'James Chen', 'James Chen', '123', 23, '男', NULL, 2, 1, NULL);
INSERT INTO `user` VALUES (451, 'Aoki Rena', 'Aoki Rena', '123', 23, '女', NULL, 2, 1, NULL);
INSERT INTO `user` VALUES (452, 'Ying Kwok Kuen', 'Ying Kwok Kuen', '123', 28, '男', NULL, 2, 1, NULL);
INSERT INTO `user` VALUES (453, 'Qin Lan', 'Qin Lan', '123', 21, '女', NULL, 2, 1, NULL);
INSERT INTO `user` VALUES (454, 'Chow Ka Ming', 'Chow Ka Ming', '123', 24, '男', NULL, 2, 1, NULL);
INSERT INTO `user` VALUES (455, 'Tang Chi Ming', 'Tang Chi Ming', '123', 27, '男', NULL, 2, 1, NULL);
INSERT INTO `user` VALUES (456, 'Matsuda Nanami', 'Matsuda Nanami', '123', 29, '男', NULL, 2, 1, NULL);
INSERT INTO `user` VALUES (457, 'Yamashita Ayano', 'Yamashita Ayano', '123', 22, '女', NULL, 2, 1, NULL);
INSERT INTO `user` VALUES (458, 'Ota Rin', 'Ota Rin', '123', 20, '女', NULL, 2, 1, NULL);
INSERT INTO `user` VALUES (459, 'Craig Price', 'Craig Price', '123', 23, '男', NULL, 2, 1, NULL);
INSERT INTO `user` VALUES (460, 'Lok Ka Keung', 'Lok Ka Keung', '123', 20, '男', NULL, 2, 1, NULL);
INSERT INTO `user` VALUES (461, 'Qin Zhiyuan', 'Qin Zhiyuan', '123', 25, '男', NULL, 2, 1, NULL);
INSERT INTO `user` VALUES (462, 'Hasegawa Rin', 'Hasegawa Rin', '123', 26, '女', NULL, 2, 1, NULL);
INSERT INTO `user` VALUES (463, 'Gu Yunxi', 'Gu Yunxi', '123', 24, '男', NULL, 2, 1, NULL);
INSERT INTO `user` VALUES (464, 'Pak Wai Man', 'Pak Wai Man', '123', 22, '女', NULL, 2, 1, NULL);
INSERT INTO `user` VALUES (465, 'Ng Chun Yu', 'Ng Chun Yu', '123', 24, '男', NULL, 2, 1, NULL);
INSERT INTO `user` VALUES (466, 'Shao Jiehong', 'Shao Jiehong', '123', 25, '男', NULL, 2, 1, NULL);
INSERT INTO `user` VALUES (467, 'Heung Siu Wai', 'Heung Siu Wai', '123', 22, '女', NULL, 2, 1, NULL);
INSERT INTO `user` VALUES (468, 'Meng Ka Man', 'Meng Ka Man', '123', 25, '男', NULL, 2, 1, NULL);
INSERT INTO `user` VALUES (469, 'Yung Wing Fat', 'Yung Wing Fat', '123', 26, '男', NULL, 2, 1, NULL);
INSERT INTO `user` VALUES (470, 'Morita Hazuki', 'Morita Hazuki', '123', 27, '女', NULL, 2, 1, NULL);
INSERT INTO `user` VALUES (471, 'Ho Chi Yuen', 'Ho Chi Yuen', '123', 30, '男', NULL, 2, 1, NULL);
INSERT INTO `user` VALUES (472, 'Lok Ka Ming', 'Lok Ka Ming', '123', 29, '男', NULL, 2, 1, NULL);
INSERT INTO `user` VALUES (473, 'Tang Tin Wing', 'Tang Tin Wing', '123', 27, '男', NULL, 2, 1, NULL);
INSERT INTO `user` VALUES (474, 'Peter Mcdonald', 'Peter Mcdonald', '123', 21, '男', NULL, 2, 1, NULL);
INSERT INTO `user` VALUES (475, 'Wong On Kay', 'Wong On Kay', '123', 26, '女', NULL, 2, 1, NULL);
INSERT INTO `user` VALUES (476, 'Yan Zitao', 'Yan Zitao', '123', 20, '男', NULL, 2, 1, NULL);
INSERT INTO `user` VALUES (477, 'Yu Yunxi', 'Yu Yunxi', '123', 23, '男', NULL, 2, 1, NULL);
INSERT INTO `user` VALUES (478, 'Nakajima Ryota', 'Nakajima Ryota', '123', 23, '男', NULL, 2, 1, NULL);
INSERT INTO `user` VALUES (479, 'Yue Ching Wan', 'Yue Ching Wan', '123', 30, '男', NULL, 2, 1, NULL);
INSERT INTO `user` VALUES (480, 'Hsuan Kwok Ming', 'Hsuan Kwok Ming', '123', 22, '男', NULL, 2, 1, NULL);
INSERT INTO `user` VALUES (481, 'Heather Nelson', 'Heather Nelson', '123', 22, '女', NULL, 2, 1, NULL);
INSERT INTO `user` VALUES (482, 'Nakano Ayato', 'Nakano Ayato', '123', 28, '男', NULL, 2, 1, NULL);
INSERT INTO `user` VALUES (483, 'Shi Shihan', 'Shi Shihan', '123', 27, '女', NULL, 2, 1, NULL);
INSERT INTO `user` VALUES (484, 'Nicholas Martinez', 'Nicholas Martinez', '123', 22, '男', NULL, 2, 1, NULL);
INSERT INTO `user` VALUES (485, 'Han Tsz Ching', 'Han Tsz Ching', '123', 21, '女', NULL, 2, 1, NULL);
INSERT INTO `user` VALUES (486, 'Zheng Yuning', 'Zheng Yuning', '123', 26, '男', NULL, 2, 1, NULL);
INSERT INTO `user` VALUES (487, 'Ding Jiehong', 'Ding Jiehong', '123', 25, '男', NULL, 2, 1, NULL);
INSERT INTO `user` VALUES (488, 'Nishimura Tsubasa', 'Nishimura Tsubasa', '123', 30, '男', NULL, 2, 1, NULL);
INSERT INTO `user` VALUES (489, 'Okamoto Sakura', 'Okamoto Sakura', '123', 22, '女', NULL, 2, 1, NULL);
INSERT INTO `user` VALUES (490, 'Li Jiehong', 'Li Jiehong', '123', 21, '男', NULL, 2, 1, NULL);
INSERT INTO `user` VALUES (491, 'Mori Akina', 'Mori Akina', '123', 27, '女', NULL, 2, 1, NULL);
INSERT INTO `user` VALUES (492, 'Wan Ching Wan', 'Wan Ching Wan', '123', 28, '男', NULL, 2, 1, NULL);
INSERT INTO `user` VALUES (493, 'Kato Minato', 'Kato Minato', '123', 28, '男', NULL, 2, 1, NULL);
INSERT INTO `user` VALUES (494, 'Miu Tin Lok', 'Miu Tin Lok', '123', 26, '男', NULL, 2, 1, NULL);
INSERT INTO `user` VALUES (495, 'Kwong Hui Mei', 'Kwong Hui Mei', '123', 21, '女', NULL, 2, 1, NULL);
INSERT INTO `user` VALUES (496, 'Iwasaki Hikaru', 'Iwasaki Hikaru', '123', 25, '女', NULL, 2, 1, NULL);
INSERT INTO `user` VALUES (497, 'Kaneko Yuna', 'Kaneko Yuna', '123', 29, '女', NULL, 2, 1, NULL);
INSERT INTO `user` VALUES (498, 'Yamazaki Rin', 'Yamazaki Rin', '123', 24, '女', NULL, 2, 1, NULL);
INSERT INTO `user` VALUES (499, 'Rebecca Vasquez', 'Rebecca Vasquez', '123', 22, '女', NULL, 2, 1, NULL);
INSERT INTO `user` VALUES (500, 'Zeng Yuning', 'Zeng Yuning', '123', 25, '男', NULL, 2, 1, NULL);
INSERT INTO `user` VALUES (501, 'Ying Ching Wan', 'Ying Ching Wan', '123', 21, '男', NULL, 2, 1, NULL);
INSERT INTO `user` VALUES (502, 'Qiu Yunxi', 'Qiu Yunxi', '123', 24, '男', NULL, 2, 1, NULL);
INSERT INTO `user` VALUES (503, 'Mok On Na', 'Mok On Na', '123', 29, '女', NULL, 2, 1, NULL);
INSERT INTO `user` VALUES (504, 'Jiang Rui', 'Jiang Rui', '123', 28, '男', NULL, 2, 1, NULL);
INSERT INTO `user` VALUES (505, 'Anna Fisher', 'Anna Fisher', '123', 25, '女', NULL, 2, 1, NULL);
INSERT INTO `user` VALUES (506, 'Rhonda West', 'Rhonda West', '123', 29, '女', NULL, 2, 1, NULL);
INSERT INTO `user` VALUES (507, 'Ng Chiu Wai', 'Ng Chiu Wai', '123', 22, '男', NULL, 2, 1, NULL);
INSERT INTO `user` VALUES (508, 'Uchida Sara', 'Uchida Sara', '123', 24, '女', NULL, 2, 1, NULL);
INSERT INTO `user` VALUES (509, 'Ellen Herrera', 'Ellen Herrera', '123', 27, '女', NULL, 2, 1, NULL);
INSERT INTO `user` VALUES (510, 'Edith Jordan', 'Edith Jordan', '123', 26, '女', NULL, 2, 1, NULL);
INSERT INTO `user` VALUES (511, 'Sharon Gonzales', 'Sharon Gonzales', '123', 22, '女', NULL, 2, 1, NULL);
INSERT INTO `user` VALUES (512, 'Janet Snyder', 'Janet Snyder', '123', 25, '女', NULL, 2, 1, NULL);
INSERT INTO `user` VALUES (513, 'Ye Anqi', 'Ye Anqi', '123', 26, '女', NULL, 2, 1, NULL);
INSERT INTO `user` VALUES (514, 'Maeda Yuto', 'Maeda Yuto', '123', 25, '男', NULL, 2, 1, NULL);
INSERT INTO `user` VALUES (515, 'Kudo Sara', 'Kudo Sara', '123', 26, '女', NULL, 2, 1, NULL);
INSERT INTO `user` VALUES (516, 'Shi Lan', 'Shi Lan', '123', 28, '女', NULL, 2, 1, NULL);
INSERT INTO `user` VALUES (517, 'Cindy Alvarez', 'Cindy Alvarez', '123', 21, '女', NULL, 2, 1, NULL);
INSERT INTO `user` VALUES (518, 'Robert Cole', 'Robert Cole', '123', 28, '男', NULL, 2, 1, NULL);
INSERT INTO `user` VALUES (519, 'Okada Ryota', 'Okada Ryota', '123', 23, '男', NULL, 2, 1, NULL);
INSERT INTO `user` VALUES (520, 'Man Cho Yee', 'Man Cho Yee', '123', 21, '女', NULL, 2, 1, NULL);
INSERT INTO `user` VALUES (521, 'Jia Lan', 'Jia Lan', '123', 28, '女', NULL, 2, 1, NULL);
INSERT INTO `user` VALUES (522, 'Arimura Misaki', 'Arimura Misaki', '123', 28, '女', NULL, 2, 1, NULL);
INSERT INTO `user` VALUES (523, 'Jacob Flores', 'Jacob Flores', '123', 28, '男', NULL, 2, 1, NULL);
INSERT INTO `user` VALUES (524, 'Laura Hunter', 'Laura Hunter', '123', 22, '女', NULL, 2, 1, NULL);
INSERT INTO `user` VALUES (525, 'Mo Ziyi', 'Mo Ziyi', '123', 22, '男', NULL, 2, 1, NULL);
INSERT INTO `user` VALUES (526, 'Fred Gardner', 'Fred Gardner', '123', 23, '男', NULL, 2, 1, NULL);
INSERT INTO `user` VALUES (527, 'Yue Sai Wing', 'Yue Sai Wing', '123', 29, '男', NULL, 2, 1, NULL);
INSERT INTO `user` VALUES (528, 'Uchida Daisuke', 'Uchida Daisuke', '123', 23, '男', NULL, 2, 1, NULL);
INSERT INTO `user` VALUES (529, 'Jacqueline Bailey', 'Jacqueline Bailey', '123', 27, '女', NULL, 2, 1, NULL);
INSERT INTO `user` VALUES (530, 'Pauline Jimenez', 'Pauline Jimenez', '123', 22, '女', NULL, 2, 1, NULL);
INSERT INTO `user` VALUES (531, 'Su Jialun', 'Su Jialun', '123', 29, '男', NULL, 2, 1, NULL);
INSERT INTO `user` VALUES (532, 'Han Zitao', 'Han Zitao', '123', 25, '男', NULL, 2, 1, NULL);
INSERT INTO `user` VALUES (533, 'Martin Davis', 'Martin Davis', '123', 29, '男', NULL, 2, 1, NULL);
INSERT INTO `user` VALUES (534, 'Fujii Seiko', 'Fujii Seiko', '123', 28, '女', NULL, 2, 1, NULL);
INSERT INTO `user` VALUES (535, 'Takada Hina', 'Takada Hina', '123', 21, '女', NULL, 2, 1, NULL);
INSERT INTO `user` VALUES (536, 'Chiba Airi', 'Chiba Airi', '123', 29, '女', NULL, 2, 1, NULL);
INSERT INTO `user` VALUES (537, 'Fujita Eita', 'Fujita Eita', '123', 28, '女', NULL, 2, 1, NULL);
INSERT INTO `user` VALUES (538, 'Amber Payne', 'Amber Payne', '123', 26, '女', NULL, 2, 1, NULL);
INSERT INTO `user` VALUES (539, 'Fan Siu Wai', 'Fan Siu Wai', '123', 21, '女', NULL, 2, 1, NULL);
INSERT INTO `user` VALUES (540, 'Norman West', 'Norman West', '123', 29, '男', NULL, 2, 1, NULL);
INSERT INTO `user` VALUES (541, 'Cui Yuning', 'Cui Yuning', '123', 25, '男', NULL, 2, 1, NULL);
INSERT INTO `user` VALUES (542, 'Okada Hikaru', 'Okada Hikaru', '123', 27, '女', NULL, 2, 1, NULL);
INSERT INTO `user` VALUES (543, 'Stephanie Freeman', 'Stephanie Freeman', '123', 22, '女', NULL, 2, 1, NULL);
INSERT INTO `user` VALUES (544, 'Lau Siu Wai', 'Lau Siu Wai', '123', 25, '女', NULL, 2, 1, NULL);
INSERT INTO `user` VALUES (545, 'Wu Xiaoming', 'Wu Xiaoming', '123', 24, '男', NULL, 2, 1, NULL);
INSERT INTO `user` VALUES (546, 'Lai Kwok Kuen', 'Lai Kwok Kuen', '123', 22, '男', NULL, 2, 1, NULL);
INSERT INTO `user` VALUES (547, 'Pang Ling Ling', 'Pang Ling Ling', '123', 24, '女', NULL, 2, 1, NULL);
INSERT INTO `user` VALUES (548, 'Zhong Yuning', 'Zhong Yuning', '123', 27, '男', NULL, 2, 1, NULL);
INSERT INTO `user` VALUES (549, 'Hara Rin', 'Hara Rin', '123', 29, '女', NULL, 2, 1, NULL);
INSERT INTO `user` VALUES (550, 'Morita Aoshi', 'Morita Aoshi', '123', 22, '男', NULL, 2, 1, NULL);
INSERT INTO `user` VALUES (551, 'Lillian Thompson', 'Lillian Thompson', '123', 24, '女', NULL, 2, 1, NULL);
INSERT INTO `user` VALUES (552, 'Miu Tin Wing', 'Miu Tin Wing', '123', 24, '男', NULL, 2, 1, NULL);
INSERT INTO `user` VALUES (553, 'Hirano Ikki', 'Hirano Ikki', '123', 21, '男', NULL, 2, 1, NULL);
INSERT INTO `user` VALUES (554, 'Qin Lu', 'Qin Lu', '123', 24, '女', NULL, 2, 1, NULL);
INSERT INTO `user` VALUES (555, 'Qiu Ziyi', 'Qiu Ziyi', '123', 26, '男', NULL, 2, 1, NULL);
INSERT INTO `user` VALUES (556, 'Ishida Kazuma', 'Ishida Kazuma', '123', 26, '男', NULL, 2, 1, NULL);
INSERT INTO `user` VALUES (557, 'Ota Itsuki', 'Ota Itsuki', '123', 29, '男', NULL, 2, 1, NULL);
INSERT INTO `user` VALUES (558, 'Yin Ting Fung', 'Yin Ting Fung', '123', 29, '男', NULL, 2, 1, NULL);
INSERT INTO `user` VALUES (559, 'Ng Ling Ling', 'Ng Ling Ling', '123', 25, '女', NULL, 2, 1, NULL);
INSERT INTO `user` VALUES (560, 'Yip Tin Wing', 'Yip Tin Wing', '123', 21, '男', NULL, 2, 1, NULL);
INSERT INTO `user` VALUES (561, 'Qin Zhiyuan', 'Qin Zhiyuan', '123', 24, '男', NULL, 2, 1, NULL);
INSERT INTO `user` VALUES (562, 'Wong Sai Wing', 'Wong Sai Wing', '123', 23, '男', NULL, 2, 1, NULL);
INSERT INTO `user` VALUES (563, 'Cai Shihan', 'Cai Shihan', '123', 28, '女', NULL, 2, 1, NULL);
INSERT INTO `user` VALUES (564, 'Han Wai Lam', 'Han Wai Lam', '123', 23, '女', NULL, 2, 1, NULL);
INSERT INTO `user` VALUES (565, 'Ichikawa Aoi', 'Ichikawa Aoi', '123', 28, '女', NULL, 2, 1, NULL);
INSERT INTO `user` VALUES (566, 'Yau Wai Man', 'Yau Wai Man', '123', 20, '女', NULL, 2, 1, NULL);
INSERT INTO `user` VALUES (567, 'Jiang Jiehong', 'Jiang Jiehong', '123', 26, '男', NULL, 2, 1, NULL);
INSERT INTO `user` VALUES (568, 'Fan On Kay', 'Fan On Kay', '123', 27, '女', NULL, 2, 1, NULL);
INSERT INTO `user` VALUES (569, 'Tse Suk Yee', 'Tse Suk Yee', '123', 22, '女', NULL, 2, 1, NULL);
INSERT INTO `user` VALUES (570, 'Chung Sze Yu', 'Chung Sze Yu', '123', 30, '女', NULL, 2, 1, NULL);
INSERT INTO `user` VALUES (571, 'Zheng Yuning', 'Zheng Yuning', '123', 30, '男', NULL, 2, 1, NULL);
INSERT INTO `user` VALUES (572, 'Shen Anqi', 'Shen Anqi', '123', 25, '女', NULL, 2, 1, NULL);
INSERT INTO `user` VALUES (573, 'Stephanie Allen', 'Stephanie Allen', '123', 24, '女', NULL, 2, 1, NULL);
INSERT INTO `user` VALUES (574, 'Sarah Stone', 'Sarah Stone', '123', 22, '女', NULL, 2, 1, NULL);
INSERT INTO `user` VALUES (575, 'Zeng Yunxi', 'Zeng Yunxi', '123', 25, '男', NULL, 2, 1, NULL);
INSERT INTO `user` VALUES (576, 'Xue Jiehong', 'Xue Jiehong', '123', 23, '男', NULL, 2, 1, NULL);
INSERT INTO `user` VALUES (577, 'Julie Hicks', 'Julie Hicks', '123', 21, '女', NULL, 2, 1, NULL);
INSERT INTO `user` VALUES (578, 'Jeffrey Collins', 'Jeffrey Collins', '123', 20, '男', NULL, 2, 1, NULL);
INSERT INTO `user` VALUES (579, 'Vincent Hill', 'Vincent Hill', '123', 23, '男', NULL, 2, 1, NULL);
INSERT INTO `user` VALUES (580, 'Jiang Xiaoming', 'Jiang Xiaoming', '123', 24, '男', NULL, 2, 1, NULL);
INSERT INTO `user` VALUES (581, 'Ono Rena', 'Ono Rena', '123', 22, '女', NULL, 2, 1, NULL);
INSERT INTO `user` VALUES (582, 'Ota Aoi', 'Ota Aoi', '123', 22, '女', NULL, 2, 1, NULL);
INSERT INTO `user` VALUES (583, 'Han Lan', 'Han Lan', '123', 23, '女', NULL, 2, 1, NULL);
INSERT INTO `user` VALUES (584, 'Cheng Wai Yee', 'Cheng Wai Yee', '123', 30, '女', NULL, 2, 1, NULL);
INSERT INTO `user` VALUES (585, 'Morita Nanami', 'Morita Nanami', '123', 23, '男', NULL, 2, 1, NULL);
INSERT INTO `user` VALUES (586, 'Tian Jiehong', 'Tian Jiehong', '123', 28, '男', NULL, 2, 1, NULL);
INSERT INTO `user` VALUES (587, 'Gao Shihan', 'Gao Shihan', '123', 29, '女', NULL, 2, 1, NULL);
INSERT INTO `user` VALUES (588, 'Ito Yuto', 'Ito Yuto', '123', 25, '男', NULL, 2, 1, NULL);
INSERT INTO `user` VALUES (589, 'Wei Xiaoming', 'Wei Xiaoming', '123', 21, '男', NULL, 2, 1, NULL);
INSERT INTO `user` VALUES (590, 'Zhao Zhiyuan', 'Zhao Zhiyuan', '123', 30, '男', NULL, 2, 1, NULL);
INSERT INTO `user` VALUES (591, 'Lin Lan', 'Lin Lan', '123', 21, '女', NULL, 2, 1, NULL);
INSERT INTO `user` VALUES (592, 'Goto Shino', 'Goto Shino', '123', 25, '女', NULL, 2, 1, NULL);
INSERT INTO `user` VALUES (593, 'Harada Akina', 'Harada Akina', '123', 28, '女', NULL, 2, 1, NULL);
INSERT INTO `user` VALUES (594, 'Gong Xiuying', 'Gong Xiuying', '123', 29, '女', NULL, 2, 1, NULL);
INSERT INTO `user` VALUES (595, 'Yan Lu', 'Yan Lu', '123', 27, '女', NULL, 2, 1, NULL);
INSERT INTO `user` VALUES (596, 'Zhang Anqi', 'Zhang Anqi', '123', 20, '女', NULL, 2, 1, NULL);
INSERT INTO `user` VALUES (597, 'Zeng Lu', 'Zeng Lu', '123', 24, '女', NULL, 2, 1, NULL);
INSERT INTO `user` VALUES (598, 'Victoria Hawkins', 'Victoria Hawkins', '123', 22, '女', NULL, 2, 1, NULL);
INSERT INTO `user` VALUES (599, 'Meng Jialun', 'Meng Jialun', '123', 24, '男', NULL, 2, 1, NULL);
INSERT INTO `user` VALUES (600, 'Hu Zitao', 'Hu Zitao', '123', 24, '男', NULL, 2, 1, NULL);
INSERT INTO `user` VALUES (601, 'Larry White', 'Larry White', '123', 22, '男', NULL, 2, 1, NULL);
INSERT INTO `user` VALUES (602, 'Ueno Mitsuki', 'Ueno Mitsuki', '123', 24, '女', NULL, 2, 1, NULL);
INSERT INTO `user` VALUES (603, 'Maruyama Eita', 'Maruyama Eita', '123', 29, '女', NULL, 2, 1, NULL);
INSERT INTO `user` VALUES (604, 'Inoue Kazuma', 'Inoue Kazuma', '123', 26, '男', NULL, 2, 1, NULL);
INSERT INTO `user` VALUES (605, 'Timothy Gonzales', 'Timothy Gonzales', '123', 26, '男', NULL, 2, 1, NULL);
INSERT INTO `user` VALUES (606, 'Yung Chung Yin', 'Yung Chung Yin', '123', 30, '男', NULL, 2, 1, NULL);
INSERT INTO `user` VALUES (607, 'Hsuan Wing Suen', 'Hsuan Wing Suen', '123', 26, '女', NULL, 2, 1, NULL);
INSERT INTO `user` VALUES (608, 'Yeung Chiu Wai', 'Yeung Chiu Wai', '123', 29, '男', NULL, 2, 1, NULL);
INSERT INTO `user` VALUES (609, 'Patrick Stevens', 'Patrick Stevens', '123', 25, '男', NULL, 2, 1, NULL);
INSERT INTO `user` VALUES (610, 'Ishikawa Yuna', 'Ishikawa Yuna', '123', 25, '女', NULL, 2, 1, NULL);
INSERT INTO `user` VALUES (611, 'Billy Murphy', 'Billy Murphy', '123', 24, '男', NULL, 2, 1, NULL);
INSERT INTO `user` VALUES (612, 'Nomura Itsuki', 'Nomura Itsuki', '123', 26, '男', NULL, 2, 1, NULL);
INSERT INTO `user` VALUES (613, 'Lui Chung Yin', 'Lui Chung Yin', '123', 25, '男', NULL, 2, 1, NULL);
INSERT INTO `user` VALUES (614, 'Hashimoto Aoshi', 'Hashimoto Aoshi', '123', 22, '男', NULL, 2, 1, NULL);
INSERT INTO `user` VALUES (615, 'Tsui Yu Ling', 'Tsui Yu Ling', '123', 28, '女', NULL, 2, 1, NULL);
INSERT INTO `user` VALUES (616, 'Wayne Graham', 'Wayne Graham', '123', 24, '男', NULL, 2, 1, NULL);
INSERT INTO `user` VALUES (617, 'Wu Zhiyuan', 'Wu Zhiyuan', '123', 22, '男', NULL, 2, 1, NULL);
INSERT INTO `user` VALUES (618, 'Xue Xiuying', 'Xue Xiuying', '123', 28, '女', NULL, 2, 1, NULL);
INSERT INTO `user` VALUES (619, 'Shao Lu', 'Shao Lu', '123', 28, '女', NULL, 2, 1, NULL);
INSERT INTO `user` VALUES (620, 'Au Siu Wai', 'Au Siu Wai', '123', 27, '女', NULL, 2, 1, NULL);
INSERT INTO `user` VALUES (621, 'Jiang Xiaoming', 'Jiang Xiaoming', '123', 30, '男', NULL, 2, 1, NULL);
INSERT INTO `user` VALUES (622, 'Gu Lu', 'Gu Lu', '123', 22, '女', NULL, 2, 1, NULL);
INSERT INTO `user` VALUES (623, 'Fu Fat', 'Fu Fat', '123', 25, '男', NULL, 2, 1, NULL);
INSERT INTO `user` VALUES (624, 'Takada Itsuki', 'Takada Itsuki', '123', 21, '男', NULL, 2, 1, NULL);
INSERT INTO `user` VALUES (625, 'Jeffery Watson', 'Jeffery Watson', '123', 25, '男', NULL, 2, 1, NULL);
INSERT INTO `user` VALUES (626, 'Tse Kwok Wing', 'Tse Kwok Wing', '123', 27, '男', NULL, 2, 1, NULL);
INSERT INTO `user` VALUES (627, 'Ruby Porter', 'Ruby Porter', '123', 24, '女', NULL, 2, 1, NULL);
INSERT INTO `user` VALUES (628, 'Jiang Lu', 'Jiang Lu', '123', 24, '女', NULL, 2, 1, NULL);
INSERT INTO `user` VALUES (629, 'Chiba Airi', 'Chiba Airi', '123', 21, '女', NULL, 2, 1, NULL);
INSERT INTO `user` VALUES (630, 'Choi Ka Ming', 'Choi Ka Ming', '123', 21, '男', NULL, 2, 1, NULL);
INSERT INTO `user` VALUES (631, 'Yuen Chi Yuen', 'Yuen Chi Yuen', '123', 21, '男', NULL, 2, 1, NULL);
INSERT INTO `user` VALUES (632, 'Inoue Mai', 'Inoue Mai', '123', 24, '女', NULL, 2, 1, NULL);
INSERT INTO `user` VALUES (633, 'Kono Kaito', 'Kono Kaito', '123', 29, '男', NULL, 2, 1, NULL);
INSERT INTO `user` VALUES (634, 'Kwong Tsz Hin', 'Kwong Tsz Hin', '123', 20, '男', NULL, 2, 1, NULL);
INSERT INTO `user` VALUES (635, 'Sakamoto Hina', 'Sakamoto Hina', '123', 21, '女', NULL, 2, 1, NULL);
INSERT INTO `user` VALUES (636, 'Shao Ziyi', 'Shao Ziyi', '123', 24, '男', NULL, 2, 1, NULL);
INSERT INTO `user` VALUES (637, 'Lei Zhennan', 'Lei Zhennan', '123', 21, '男', NULL, 2, 1, NULL);
INSERT INTO `user` VALUES (638, 'Carolyn Ford', 'Carolyn Ford', '123', 25, '女', NULL, 2, 1, NULL);
INSERT INTO `user` VALUES (639, 'Kobayashi Misaki', 'Kobayashi Misaki', '123', 24, '女', NULL, 2, 1, NULL);
INSERT INTO `user` VALUES (640, 'Kevin Henderson', 'Kevin Henderson', '123', 25, '男', NULL, 2, 1, NULL);
INSERT INTO `user` VALUES (641, 'Shi Yunxi', 'Shi Yunxi', '123', 21, '男', NULL, 2, 1, NULL);
INSERT INTO `user` VALUES (642, 'Diane Warren', 'Diane Warren', '123', 28, '女', NULL, 2, 1, NULL);
INSERT INTO `user` VALUES (643, 'Barry Webb', 'Barry Webb', '123', 27, '男', NULL, 2, 1, NULL);
INSERT INTO `user` VALUES (644, 'Shao Jialun', 'Shao Jialun', '123', 29, '男', NULL, 2, 1, NULL);
INSERT INTO `user` VALUES (645, 'Tan Lan', 'Tan Lan', '123', 21, '女', NULL, 2, 1, NULL);
INSERT INTO `user` VALUES (646, 'Matsuda Ayato', 'Matsuda Ayato', '123', 28, '男', NULL, 2, 1, NULL);
INSERT INTO `user` VALUES (647, 'Miyamoto Yamato', 'Miyamoto Yamato', '123', 23, '男', NULL, 2, 1, NULL);
INSERT INTO `user` VALUES (648, 'Zhong Zhennan', 'Zhong Zhennan', '123', 23, '男', NULL, 2, 1, NULL);
INSERT INTO `user` VALUES (649, 'Sun Zhennan', 'Sun Zhennan', '123', 23, '男', NULL, 2, 1, NULL);
INSERT INTO `user` VALUES (650, 'Chen Anqi', 'Chen Anqi', '123', 30, '女', NULL, 2, 1, NULL);
INSERT INTO `user` VALUES (651, 'Fan Ka Keung', 'Fan Ka Keung', '123', 23, '男', NULL, 2, 1, NULL);
INSERT INTO `user` VALUES (652, 'Jane Medina', 'Jane Medina', '123', 21, '女', NULL, 2, 1, NULL);
INSERT INTO `user` VALUES (653, 'Matsui Kenta', 'Matsui Kenta', '123', 24, '男', NULL, 2, 1, NULL);
INSERT INTO `user` VALUES (654, 'Donna Stewart', 'Donna Stewart', '123', 27, '女', NULL, 2, 1, NULL);
INSERT INTO `user` VALUES (655, 'Hirano Misaki', 'Hirano Misaki', '123', 27, '女', NULL, 2, 1, NULL);
INSERT INTO `user` VALUES (656, 'Donna Wallace', 'Donna Wallace', '123', 21, '女', NULL, 2, 1, NULL);
INSERT INTO `user` VALUES (657, 'Au Ka Ling', 'Au Ka Ling', '123', 27, '女', NULL, 2, 1, NULL);
INSERT INTO `user` VALUES (658, 'Yao Zhiyuan', 'Yao Zhiyuan', '123', 30, '男', NULL, 2, 1, NULL);
INSERT INTO `user` VALUES (659, 'Xu Xiaoming', 'Xu Xiaoming', '123', 23, '男', NULL, 2, 1, NULL);
INSERT INTO `user` VALUES (660, 'Fu Chung Yin', 'Fu Chung Yin', '123', 24, '男', NULL, 2, 1, NULL);
INSERT INTO `user` VALUES (661, 'Ruth Hill', 'Ruth Hill', '123', 25, '女', NULL, 2, 1, NULL);
INSERT INTO `user` VALUES (662, 'Cui Zitao', 'Cui Zitao', '123', 21, '男', NULL, 2, 1, NULL);
INSERT INTO `user` VALUES (663, 'Cai Yuning', 'Cai Yuning', '123', 22, '男', NULL, 2, 1, NULL);
INSERT INTO `user` VALUES (664, 'Mori Mai', 'Mori Mai', '123', 21, '女', NULL, 2, 1, NULL);
INSERT INTO `user` VALUES (665, 'Chung Kwok Wing', 'Chung Kwok Wing', '123', 23, '男', NULL, 2, 1, NULL);
INSERT INTO `user` VALUES (666, 'Guo Rui', 'Guo Rui', '123', 24, '男', NULL, 2, 1, NULL);
INSERT INTO `user` VALUES (667, 'Wei Xiuying', 'Wei Xiuying', '123', 23, '女', NULL, 2, 1, NULL);
INSERT INTO `user` VALUES (668, 'Hara Akina', 'Hara Akina', '123', 29, '女', NULL, 2, 1, NULL);
INSERT INTO `user` VALUES (669, 'Maruyama Ayato', 'Maruyama Ayato', '123', 21, '男', NULL, 2, 1, NULL);
INSERT INTO `user` VALUES (670, 'Yau Chi Ming', 'Yau Chi Ming', '123', 22, '男', NULL, 2, 1, NULL);
INSERT INTO `user` VALUES (671, 'Guo Xiaoming', 'Guo Xiaoming', '123', 22, '男', NULL, 2, 1, NULL);
INSERT INTO `user` VALUES (672, 'Ying Sze Yu', 'Ying Sze Yu', '123', 27, '女', NULL, 2, 1, NULL);
INSERT INTO `user` VALUES (673, 'Sano Kasumi', 'Sano Kasumi', '123', 25, '男', NULL, 2, 1, NULL);
INSERT INTO `user` VALUES (674, 'Ichikawa Mai', 'Ichikawa Mai', '123', 20, '女', NULL, 2, 1, NULL);
INSERT INTO `user` VALUES (675, 'Stanley Ryan', 'Stanley Ryan', '123', 25, '男', NULL, 2, 1, NULL);
INSERT INTO `user` VALUES (676, 'Kudo Aoi', 'Kudo Aoi', '123', 21, '女', NULL, 2, 1, NULL);
INSERT INTO `user` VALUES (677, 'Zhang Yunxi', 'Zhang Yunxi', '123', 28, '男', NULL, 2, 1, NULL);
INSERT INTO `user` VALUES (678, 'Shi Anqi', 'Shi Anqi', '123', 27, '女', NULL, 2, 1, NULL);
INSERT INTO `user` VALUES (679, 'Qin Yunxi', 'Qin Yunxi', '123', 26, '男', NULL, 2, 1, NULL);
INSERT INTO `user` VALUES (680, 'Tam Hok Yau', 'Tam Hok Yau', '123', 24, '男', NULL, 2, 1, NULL);
INSERT INTO `user` VALUES (681, 'Ma Wai San', 'Ma Wai San', '123', 23, '女', NULL, 2, 1, NULL);
INSERT INTO `user` VALUES (682, 'Yin Rui', 'Yin Rui', '123', 24, '男', NULL, 2, 1, NULL);
INSERT INTO `user` VALUES (683, 'Francisco Aguilar', 'Francisco Aguilar', '123', 23, '男', NULL, 2, 1, NULL);
INSERT INTO `user` VALUES (684, 'Ota Yota', 'Ota Yota', '123', 28, '男', NULL, 2, 1, NULL);
INSERT INTO `user` VALUES (685, 'Jacqueline Hernandez', 'Jacqueline Hernandez', '123', 21, '女', NULL, 2, 1, NULL);
INSERT INTO `user` VALUES (686, 'Cai Yuning', 'Cai Yuning', '123', 29, '男', NULL, 2, 1, NULL);
INSERT INTO `user` VALUES (687, 'Xiao Xiuying', 'Xiao Xiuying', '123', 23, '女', NULL, 2, 1, NULL);
INSERT INTO `user` VALUES (688, 'Ikeda Rin', 'Ikeda Rin', '123', 20, '女', NULL, 2, 1, NULL);
INSERT INTO `user` VALUES (689, 'Jamie Edwards', 'Jamie Edwards', '123', 28, '女', NULL, 2, 1, NULL);
INSERT INTO `user` VALUES (690, 'Eric Torres', 'Eric Torres', '123', 23, '男', NULL, 2, 1, NULL);
INSERT INTO `user` VALUES (691, 'Kim Webb', 'Kim Webb', '123', 26, '女', NULL, 2, 1, NULL);
INSERT INTO `user` VALUES (692, 'Cao Jiehong', 'Cao Jiehong', '123', 30, '男', NULL, 2, 1, NULL);
INSERT INTO `user` VALUES (693, 'Yuen On Na', 'Yuen On Na', '123', 28, '女', NULL, 2, 1, NULL);
INSERT INTO `user` VALUES (694, 'Kao Ling Ling', 'Kao Ling Ling', '123', 25, '女', NULL, 2, 1, NULL);
INSERT INTO `user` VALUES (695, 'Fong Wing Fat', 'Fong Wing Fat', '123', 25, '男', NULL, 2, 1, NULL);
INSERT INTO `user` VALUES (696, 'Deng Shihan', 'Deng Shihan', '123', 25, '女', NULL, 2, 1, NULL);
INSERT INTO `user` VALUES (697, 'Chad Garza', 'Chad Garza', '123', 30, '男', NULL, 2, 1, NULL);
INSERT INTO `user` VALUES (698, 'To Kwok Ming', 'To Kwok Ming', '123', 27, '男', NULL, 2, 1, NULL);
INSERT INTO `user` VALUES (699, 'Xu Lu', 'Xu Lu', '123', 22, '女', NULL, 2, 1, NULL);
INSERT INTO `user` VALUES (700, 'Sandra Hall', 'Sandra Hall', '123', 24, '女', NULL, 2, 1, NULL);
INSERT INTO `user` VALUES (701, 'Lo Chun Yu', 'Lo Chun Yu', '123', 21, '男', NULL, 2, 1, NULL);
INSERT INTO `user` VALUES (702, 'Tong Wai Yee', 'Tong Wai Yee', '123', 22, '女', NULL, 2, 1, NULL);
INSERT INTO `user` VALUES (703, 'Siu Yu Ling', 'Siu Yu Ling', '123', 22, '女', NULL, 2, 1, NULL);
INSERT INTO `user` VALUES (704, 'Nakamori Daichi', 'Nakamori Daichi', '123', 26, '男', NULL, 2, 1, NULL);
INSERT INTO `user` VALUES (705, 'He Jiehong', 'He Jiehong', '123', 21, '男', NULL, 2, 1, NULL);
INSERT INTO `user` VALUES (706, 'Lok Chieh Lun', 'Lok Chieh Lun', '123', 30, '男', NULL, 2, 1, NULL);
INSERT INTO `user` VALUES (707, 'Yuen Yun Fat', 'Yuen Yun Fat', '123', 24, '男', NULL, 2, 1, NULL);
INSERT INTO `user` VALUES (708, 'Yeung Yun Fat', 'Yeung Yun Fat', '123', 26, '男', NULL, 2, 1, NULL);
INSERT INTO `user` VALUES (709, 'Ho Tsz Hin', 'Ho Tsz Hin', '123', 29, '男', NULL, 2, 1, NULL);
INSERT INTO `user` VALUES (710, 'He Zitao', 'He Zitao', '123', 21, '男', NULL, 2, 1, NULL);
INSERT INTO `user` VALUES (711, 'Yung Chieh Lun', 'Yung Chieh Lun', '123', 28, '男', NULL, 2, 1, NULL);
INSERT INTO `user` VALUES (712, 'Gregory Johnson', 'Gregory Johnson', '123', 27, '男', NULL, 2, 1, NULL);
INSERT INTO `user` VALUES (713, 'Hazel Robertson', 'Hazel Robertson', '123', 27, '女', NULL, 2, 1, NULL);
INSERT INTO `user` VALUES (714, 'Fu Sze Kwan', 'Fu Sze Kwan', '123', 26, '女', NULL, 2, 1, NULL);
INSERT INTO `user` VALUES (715, 'Jane Guzman', 'Jane Guzman', '123', 30, '女', NULL, 2, 1, NULL);
INSERT INTO `user` VALUES (716, 'Cao Shihan', 'Cao Shihan', '123', 23, '女', NULL, 2, 1, NULL);
INSERT INTO `user` VALUES (717, 'Liu Jiehong', 'Liu Jiehong', '123', 26, '男', NULL, 2, 1, NULL);
INSERT INTO `user` VALUES (718, 'Tsang Sai Wing', 'Tsang Sai Wing', '123', 21, '男', NULL, 2, 1, NULL);
INSERT INTO `user` VALUES (719, 'Clara Martinez', 'Clara Martinez', '123', 24, '女', NULL, 2, 1, NULL);
INSERT INTO `user` VALUES (720, 'Josephine West', 'Josephine West', '123', 30, '女', NULL, 2, 1, NULL);
INSERT INTO `user` VALUES (721, 'Mary King', 'Mary King', '123', 28, '女', NULL, 2, 1, NULL);
INSERT INTO `user` VALUES (722, 'Tang Tsz Hin', 'Tang Tsz Hin', '123', 22, '男', NULL, 2, 1, NULL);
INSERT INTO `user` VALUES (723, 'Miu Sze Kwan', 'Miu Sze Kwan', '123', 23, '女', NULL, 2, 1, NULL);
INSERT INTO `user` VALUES (724, 'Joanne Reyes', 'Joanne Reyes', '123', 24, '女', NULL, 2, 1, NULL);
INSERT INTO `user` VALUES (725, 'Kudo Rena', 'Kudo Rena', '123', 29, '女', NULL, 2, 1, NULL);
INSERT INTO `user` VALUES (726, 'Taniguchi Kaito', 'Taniguchi Kaito', '123', 27, '男', NULL, 2, 1, NULL);
INSERT INTO `user` VALUES (727, 'Yung Kwok Kuen', 'Yung Kwok Kuen', '123', 22, '男', NULL, 2, 1, NULL);
INSERT INTO `user` VALUES (728, 'Fong Ting Fung', 'Fong Ting Fung', '123', 25, '男', NULL, 2, 1, NULL);
INSERT INTO `user` VALUES (729, 'Bobby Perez', 'Bobby Perez', '123', 23, '男', NULL, 2, 1, NULL);
INSERT INTO `user` VALUES (730, 'Fan Fat', 'Fan Fat', '123', 21, '男', NULL, 2, 1, NULL);
INSERT INTO `user` VALUES (731, 'Gong Lan', 'Gong Lan', '123', 29, '女', NULL, 2, 1, NULL);
INSERT INTO `user` VALUES (732, 'Nomura Kenta', 'Nomura Kenta', '123', 23, '男', NULL, 2, 1, NULL);
INSERT INTO `user` VALUES (733, 'Jiang Yuning', 'Jiang Yuning', '123', 28, '男', NULL, 2, 1, NULL);
INSERT INTO `user` VALUES (734, 'Phillip Cruz', 'Phillip Cruz', '123', 28, '男', NULL, 2, 1, NULL);
INSERT INTO `user` VALUES (735, 'To Sze Kwan', 'To Sze Kwan', '123', 28, '女', NULL, 2, 1, NULL);
INSERT INTO `user` VALUES (736, 'Ma Lai Yan', 'Ma Lai Yan', '123', 23, '女', NULL, 2, 1, NULL);
INSERT INTO `user` VALUES (737, 'Sugiyama Misaki', 'Sugiyama Misaki', '123', 24, '女', NULL, 2, 1, NULL);
INSERT INTO `user` VALUES (738, 'Xu Shihan', 'Xu Shihan', '123', 20, '女', NULL, 2, 1, NULL);
INSERT INTO `user` VALUES (739, 'Yuen Sum Wing', 'Yuen Sum Wing', '123', 24, '女', NULL, 2, 1, NULL);
INSERT INTO `user` VALUES (740, 'Herbert Rogers', 'Herbert Rogers', '123', 24, '男', NULL, 2, 1, NULL);
INSERT INTO `user` VALUES (741, 'Kwong Hok Yau', 'Kwong Hok Yau', '123', 21, '男', NULL, 2, 1, NULL);
INSERT INTO `user` VALUES (742, 'Chung Fat', 'Chung Fat', '123', 24, '男', NULL, 2, 1, NULL);
INSERT INTO `user` VALUES (743, 'Qian Shihan', 'Qian Shihan', '123', 24, '女', NULL, 2, 1, NULL);
INSERT INTO `user` VALUES (744, 'Zou Zitao', 'Zou Zitao', '123', 30, '男', NULL, 2, 1, NULL);
INSERT INTO `user` VALUES (745, 'Roy Ward', 'Roy Ward', '123', 29, '男', NULL, 2, 1, NULL);
INSERT INTO `user` VALUES (746, 'Aoki Mai', 'Aoki Mai', '123', 26, '女', NULL, 2, 1, NULL);
INSERT INTO `user` VALUES (747, 'Denise Stephens', 'Denise Stephens', '123', 23, '女', NULL, 2, 1, NULL);
INSERT INTO `user` VALUES (748, 'Endo Aoshi', 'Endo Aoshi', '123', 23, '男', NULL, 2, 1, NULL);
INSERT INTO `user` VALUES (749, 'Kathryn Hayes', 'Kathryn Hayes', '123', 25, '女', NULL, 2, 1, NULL);
INSERT INTO `user` VALUES (750, 'Endo Hikaru', 'Endo Hikaru', '123', 28, '女', NULL, 2, 1, NULL);
INSERT INTO `user` VALUES (751, 'Yamada Ren', 'Yamada Ren', '123', 25, '女', NULL, 2, 1, NULL);
INSERT INTO `user` VALUES (752, 'Hirano Momoka', 'Hirano Momoka', '123', 24, '女', NULL, 2, 1, NULL);
INSERT INTO `user` VALUES (753, 'Nakagawa Tsubasa', 'Nakagawa Tsubasa', '123', 23, '男', NULL, 2, 1, NULL);
INSERT INTO `user` VALUES (754, 'Hirano Yuna', 'Hirano Yuna', '123', 26, '女', NULL, 2, 1, NULL);
INSERT INTO `user` VALUES (755, 'Hui Sze Yu', 'Hui Sze Yu', '123', 25, '女', NULL, 2, 1, NULL);
INSERT INTO `user` VALUES (756, 'Taniguchi Eita', 'Taniguchi Eita', '123', 27, '女', NULL, 2, 1, NULL);
INSERT INTO `user` VALUES (757, 'Tong Sai Wing', 'Tong Sai Wing', '123', 25, '男', NULL, 2, 1, NULL);
INSERT INTO `user` VALUES (758, 'Choi Hui Mei', 'Choi Hui Mei', '123', 22, '女', NULL, 2, 1, NULL);
INSERT INTO `user` VALUES (759, 'Li Zitao', 'Li Zitao', '123', 20, '男', NULL, 2, 1, NULL);
INSERT INTO `user` VALUES (760, 'Wu Chi Ming', 'Wu Chi Ming', '123', 25, '男', NULL, 2, 1, NULL);
INSERT INTO `user` VALUES (761, 'Adam Ward', 'Adam Ward', '123', 28, '男', NULL, 2, 1, NULL);
INSERT INTO `user` VALUES (762, 'Mak Hok Yau', 'Mak Hok Yau', '123', 24, '男', NULL, 2, 1, NULL);
INSERT INTO `user` VALUES (763, 'Teresa Martinez', 'Teresa Martinez', '123', 22, '女', NULL, 2, 1, NULL);
INSERT INTO `user` VALUES (764, 'April Torres', 'April Torres', '123', 23, '女', NULL, 2, 1, NULL);
INSERT INTO `user` VALUES (765, 'Rachel Dunn', 'Rachel Dunn', '123', 27, '女', NULL, 2, 1, NULL);
INSERT INTO `user` VALUES (766, 'Kelly Evans', 'Kelly Evans', '123', 26, '女', NULL, 2, 1, NULL);
INSERT INTO `user` VALUES (767, 'Xue Yunxi', 'Xue Yunxi', '123', 25, '男', NULL, 2, 1, NULL);
INSERT INTO `user` VALUES (768, 'Jiang Lan', 'Jiang Lan', '123', 28, '女', NULL, 2, 1, NULL);
INSERT INTO `user` VALUES (769, 'Joan Fox', 'Joan Fox', '123', 24, '女', NULL, 2, 1, NULL);
INSERT INTO `user` VALUES (770, 'Au Ka Keung', 'Au Ka Keung', '123', 22, '男', NULL, 2, 1, NULL);
INSERT INTO `user` VALUES (771, 'Zheng Yunxi', 'Zheng Yunxi', '123', 27, '男', NULL, 2, 1, NULL);
INSERT INTO `user` VALUES (772, 'Endo Aoi', 'Endo Aoi', '123', 25, '女', NULL, 2, 1, NULL);
INSERT INTO `user` VALUES (773, 'Florence Johnson', 'Florence Johnson', '123', 26, '女', NULL, 2, 1, NULL);
INSERT INTO `user` VALUES (774, 'Chiba Hazuki', 'Chiba Hazuki', '123', 26, '女', NULL, 2, 1, NULL);
INSERT INTO `user` VALUES (775, 'Kojima Rin', 'Kojima Rin', '123', 22, '女', NULL, 2, 1, NULL);
INSERT INTO `user` VALUES (776, 'Joseph Gomez', 'Joseph Gomez', '123', 26, '男', NULL, 2, 1, NULL);
INSERT INTO `user` VALUES (777, 'Chiba Kazuma', 'Chiba Kazuma', '123', 30, '男', NULL, 2, 1, NULL);
INSERT INTO `user` VALUES (778, 'Shao Zhiyuan', 'Shao Zhiyuan', '123', 20, '男', NULL, 2, 1, NULL);
INSERT INTO `user` VALUES (779, 'Wang Xiuying', 'Wang Xiuying', '123', 22, '女', NULL, 2, 1, NULL);
INSERT INTO `user` VALUES (780, 'Irene Gray', 'Irene Gray', '123', 25, '女', NULL, 2, 1, NULL);
INSERT INTO `user` VALUES (781, 'Tam Wing Sze', 'Tam Wing Sze', '123', 24, '女', NULL, 2, 1, NULL);
INSERT INTO `user` VALUES (782, 'Yung Fu Shing', 'Yung Fu Shing', '123', 29, '男', NULL, 2, 1, NULL);
INSERT INTO `user` VALUES (783, 'Mo Zhiyuan', 'Mo Zhiyuan', '123', 25, '男', NULL, 2, 1, NULL);
INSERT INTO `user` VALUES (784, 'Brenda Johnson', 'Brenda Johnson', '123', 26, '女', NULL, 2, 1, NULL);
INSERT INTO `user` VALUES (785, 'Xiong Xiaoming', 'Xiong Xiaoming', '123', 25, '男', NULL, 2, 1, NULL);
INSERT INTO `user` VALUES (786, 'Iwasaki Eita', 'Iwasaki Eita', '123', 28, '女', NULL, 2, 1, NULL);
INSERT INTO `user` VALUES (787, 'Ye Anqi', 'Ye Anqi', '123', 21, '女', NULL, 2, 1, NULL);
INSERT INTO `user` VALUES (788, 'Kudo Kasumi', 'Kudo Kasumi', '123', 22, '男', NULL, 2, 1, NULL);
INSERT INTO `user` VALUES (789, 'Kong Xiuying', 'Kong Xiuying', '123', 29, '女', NULL, 2, 1, NULL);
INSERT INTO `user` VALUES (790, 'Michelle Chen', 'Michelle Chen', '123', 20, '女', NULL, 2, 1, NULL);
INSERT INTO `user` VALUES (791, 'Qian Zhiyuan', 'Qian Zhiyuan', '123', 25, '男', NULL, 2, 1, NULL);
INSERT INTO `user` VALUES (792, 'Kathy Evans', 'Kathy Evans', '123', 25, '女', NULL, 2, 1, NULL);
INSERT INTO `user` VALUES (793, 'Ruth Kelley', 'Ruth Kelley', '123', 23, '女', NULL, 2, 1, NULL);
INSERT INTO `user` VALUES (794, 'Xiang Jialun', 'Xiang Jialun', '123', 26, '男', NULL, 2, 1, NULL);
INSERT INTO `user` VALUES (795, 'Shimada Mai', 'Shimada Mai', '123', 25, '女', NULL, 2, 1, NULL);
INSERT INTO `user` VALUES (796, 'Taniguchi Sakura', 'Taniguchi Sakura', '123', 29, '女', NULL, 2, 1, NULL);
INSERT INTO `user` VALUES (797, 'Fujiwara Rin', 'Fujiwara Rin', '123', 29, '女', NULL, 2, 1, NULL);
INSERT INTO `user` VALUES (798, 'Dai Ka Ming', 'Dai Ka Ming', '123', 23, '男', NULL, 2, 1, NULL);
INSERT INTO `user` VALUES (799, 'Tao Chi Ming', 'Tao Chi Ming', '123', 28, '男', NULL, 2, 1, NULL);
INSERT INTO `user` VALUES (800, 'Mao Yunxi', 'Mao Yunxi', '123', 30, '男', NULL, 2, 1, NULL);
INSERT INTO `user` VALUES (801, 'Cho Ka Ling', 'Cho Ka Ling', '123', 23, '女', NULL, 2, 1, NULL);
INSERT INTO `user` VALUES (802, 'Huang Lu', 'Huang Lu', '123', 29, '女', NULL, 2, 1, NULL);
INSERT INTO `user` VALUES (803, 'Ueda Kaito', 'Ueda Kaito', '123', 24, '男', NULL, 2, 1, NULL);
INSERT INTO `user` VALUES (804, 'Lok Chun Yu', 'Lok Chun Yu', '123', 29, '男', NULL, 2, 1, NULL);
INSERT INTO `user` VALUES (805, 'Ye Xiuying', 'Ye Xiuying', '123', 24, '女', NULL, 2, 1, NULL);
INSERT INTO `user` VALUES (806, 'Mui Tin Lok', 'Mui Tin Lok', '123', 25, '男', NULL, 2, 1, NULL);
INSERT INTO `user` VALUES (807, 'Wei Ziyi', 'Wei Ziyi', '123', 21, '男', NULL, 2, 1, NULL);
INSERT INTO `user` VALUES (808, 'Yokoyama Rena', 'Yokoyama Rena', '123', 22, '女', NULL, 2, 1, NULL);
INSERT INTO `user` VALUES (809, 'Lu Lan', 'Lu Lan', '123', 22, '女', NULL, 2, 1, NULL);
INSERT INTO `user` VALUES (810, 'Tammy Marshall', 'Tammy Marshall', '123', 29, '女', NULL, 2, 1, NULL);
INSERT INTO `user` VALUES (811, 'Cheung Sum Wing', 'Cheung Sum Wing', '123', 24, '女', NULL, 2, 1, NULL);
INSERT INTO `user` VALUES (812, 'Sugiyama Shino', 'Sugiyama Shino', '123', 24, '女', NULL, 2, 1, NULL);
INSERT INTO `user` VALUES (813, 'Kao Wai Man', 'Kao Wai Man', '123', 20, '女', NULL, 2, 1, NULL);
INSERT INTO `user` VALUES (814, 'Hung Kwok Kuen', 'Hung Kwok Kuen', '123', 20, '男', NULL, 2, 1, NULL);
INSERT INTO `user` VALUES (815, 'Melvin Simpson', 'Melvin Simpson', '123', 29, '男', NULL, 2, 1, NULL);
INSERT INTO `user` VALUES (816, 'Catherine Turner', 'Catherine Turner', '123', 30, '女', NULL, 2, 1, NULL);
INSERT INTO `user` VALUES (817, 'Kwan Hiu Tung', 'Kwan Hiu Tung', '123', 29, '女', NULL, 2, 1, NULL);
INSERT INTO `user` VALUES (818, 'Mike Walker', 'Mike Walker', '123', 26, '男', NULL, 2, 1, NULL);
INSERT INTO `user` VALUES (819, 'Alexander Fox', 'Alexander Fox', '123', 23, '男', NULL, 2, 1, NULL);
INSERT INTO `user` VALUES (820, 'Florence Ryan', 'Florence Ryan', '123', 27, '女', NULL, 2, 1, NULL);
INSERT INTO `user` VALUES (821, 'Song Zitao', 'Song Zitao', '123', 20, '男', NULL, 2, 1, NULL);
INSERT INTO `user` VALUES (822, 'Valerie Owens', 'Valerie Owens', '123', 26, '女', NULL, 2, 1, NULL);
INSERT INTO `user` VALUES (823, 'Chan Yu Ling', 'Chan Yu Ling', '123', 27, '女', NULL, 2, 1, NULL);
INSERT INTO `user` VALUES (824, 'Fujii Daichi', 'Fujii Daichi', '123', 23, '男', NULL, 2, 1, NULL);
INSERT INTO `user` VALUES (825, 'Ichikawa Hana', 'Ichikawa Hana', '123', 21, '女', NULL, 2, 1, NULL);
INSERT INTO `user` VALUES (826, 'Tian Lu', 'Tian Lu', '123', 27, '女', NULL, 2, 1, NULL);
INSERT INTO `user` VALUES (827, 'Kwok Suk Yee', 'Kwok Suk Yee', '123', 26, '女', NULL, 2, 1, NULL);
INSERT INTO `user` VALUES (828, 'Ying Wai Yee', 'Ying Wai Yee', '123', 25, '女', NULL, 2, 1, NULL);
INSERT INTO `user` VALUES (829, 'Doris Grant', 'Doris Grant', '123', 21, '女', NULL, 2, 1, NULL);
INSERT INTO `user` VALUES (830, 'Mui On Na', 'Mui On Na', '123', 24, '女', NULL, 2, 1, NULL);
INSERT INTO `user` VALUES (831, 'Yuan Jialun', 'Yuan Jialun', '123', 22, '男', NULL, 2, 1, NULL);
INSERT INTO `user` VALUES (832, 'Maruyama Minato', 'Maruyama Minato', '123', 21, '男', NULL, 2, 1, NULL);
INSERT INTO `user` VALUES (833, 'Tse Sau Man', 'Tse Sau Man', '123', 27, '女', NULL, 2, 1, NULL);
INSERT INTO `user` VALUES (834, 'Takagi Kazuma', 'Takagi Kazuma', '123', 28, '男', NULL, 2, 1, NULL);
INSERT INTO `user` VALUES (835, 'Meng Zhennan', 'Meng Zhennan', '123', 25, '男', NULL, 2, 1, NULL);
INSERT INTO `user` VALUES (836, 'Tam Lai Yan', 'Tam Lai Yan', '123', 21, '女', NULL, 2, 1, NULL);
INSERT INTO `user` VALUES (837, 'Ishii Ren', 'Ishii Ren', '123', 28, '女', NULL, 2, 1, NULL);
INSERT INTO `user` VALUES (838, 'Gong Xiuying', 'Gong Xiuying', '123', 20, '女', NULL, 2, 1, NULL);
INSERT INTO `user` VALUES (839, 'Ishida Aoshi', 'Ishida Aoshi', '123', 23, '男', NULL, 2, 1, NULL);
INSERT INTO `user` VALUES (840, 'Yamashita Aoshi', 'Yamashita Aoshi', '123', 29, '男', NULL, 2, 1, NULL);
INSERT INTO `user` VALUES (841, 'Kathy Cruz', 'Kathy Cruz', '123', 21, '女', NULL, 2, 1, NULL);
INSERT INTO `user` VALUES (842, 'Lei Rui', 'Lei Rui', '123', 30, '男', NULL, 2, 1, NULL);
INSERT INTO `user` VALUES (843, 'Heung Sze Kwan', 'Heung Sze Kwan', '123', 22, '女', NULL, 2, 1, NULL);
INSERT INTO `user` VALUES (844, 'Kobayashi Hikaru', 'Kobayashi Hikaru', '123', 23, '女', NULL, 2, 1, NULL);
INSERT INTO `user` VALUES (845, 'Edwin White', 'Edwin White', '123', 21, '男', NULL, 2, 1, NULL);
INSERT INTO `user` VALUES (846, 'Zhong Shihan', 'Zhong Shihan', '123', 21, '女', NULL, 2, 1, NULL);
INSERT INTO `user` VALUES (847, 'Gao Jiehong', 'Gao Jiehong', '123', 29, '男', NULL, 2, 1, NULL);
INSERT INTO `user` VALUES (848, 'Sit Wing Sze', 'Sit Wing Sze', '123', 23, '女', NULL, 2, 1, NULL);
INSERT INTO `user` VALUES (849, 'Yu Lan', 'Yu Lan', '123', 29, '女', NULL, 2, 1, NULL);
INSERT INTO `user` VALUES (850, 'Lam Ka Keung', 'Lam Ka Keung', '123', 22, '男', NULL, 2, 1, NULL);
INSERT INTO `user` VALUES (851, 'Cao Shihan', 'Cao Shihan', '123', 22, '女', NULL, 2, 1, NULL);
INSERT INTO `user` VALUES (852, 'Kevin Warren', 'Kevin Warren', '123', 22, '男', NULL, 2, 1, NULL);
INSERT INTO `user` VALUES (853, 'Kwong Wing Kuen', 'Kwong Wing Kuen', '123', 22, '男', NULL, 2, 1, NULL);
INSERT INTO `user` VALUES (854, 'Wu Kwok Wing', 'Wu Kwok Wing', '123', 25, '男', NULL, 2, 1, NULL);
INSERT INTO `user` VALUES (855, 'Mori Momoe', 'Mori Momoe', '123', 26, '女', NULL, 2, 1, NULL);
INSERT INTO `user` VALUES (856, 'Cynthia Torres', 'Cynthia Torres', '123', 22, '女', NULL, 2, 1, NULL);
INSERT INTO `user` VALUES (857, 'Tsang Kar Yan', 'Tsang Kar Yan', '123', 22, '女', NULL, 2, 1, NULL);
INSERT INTO `user` VALUES (858, 'Tse Wai Man', 'Tse Wai Man', '123', 22, '女', NULL, 2, 1, NULL);
INSERT INTO `user` VALUES (859, 'Chin Lai Yan', 'Chin Lai Yan', '123', 29, '女', NULL, 2, 1, NULL);
INSERT INTO `user` VALUES (860, 'Cui Jiehong', 'Cui Jiehong', '123', 21, '男', NULL, 2, 1, NULL);
INSERT INTO `user` VALUES (861, 'Ueda Riku', 'Ueda Riku', '123', 21, '男', NULL, 2, 1, NULL);
INSERT INTO `user` VALUES (862, 'Luo Rui', 'Luo Rui', '123', 25, '男', NULL, 2, 1, NULL);
INSERT INTO `user` VALUES (863, 'Florence Rodriguez', 'Florence Rodriguez', '123', 25, '女', NULL, 2, 1, NULL);
INSERT INTO `user` VALUES (864, 'Kobayashi Kasumi', 'Kobayashi Kasumi', '123', 21, '男', NULL, 2, 1, NULL);
INSERT INTO `user` VALUES (865, 'Bruce Alvarez', 'Bruce Alvarez', '123', 24, '男', NULL, 2, 1, NULL);
INSERT INTO `user` VALUES (866, 'Ono Yuto', 'Ono Yuto', '123', 21, '男', NULL, 2, 1, NULL);
INSERT INTO `user` VALUES (867, 'Uchida Kasumi', 'Uchida Kasumi', '123', 29, '男', NULL, 2, 1, NULL);
INSERT INTO `user` VALUES (868, 'Donna Alvarez', 'Donna Alvarez', '123', 23, '女', NULL, 2, 1, NULL);
INSERT INTO `user` VALUES (869, 'Zheng Rui', 'Zheng Rui', '123', 20, '男', NULL, 2, 1, NULL);
INSERT INTO `user` VALUES (870, 'Gu Jialun', 'Gu Jialun', '123', 20, '男', NULL, 2, 1, NULL);
INSERT INTO `user` VALUES (871, 'Takada Kazuma', 'Takada Kazuma', '123', 30, '男', NULL, 2, 1, NULL);
INSERT INTO `user` VALUES (872, 'Inoue Kaito', 'Inoue Kaito', '123', 27, '男', NULL, 2, 1, NULL);
INSERT INTO `user` VALUES (873, 'Tang Chi Ming', 'Tang Chi Ming', '123', 26, '男', NULL, 2, 1, NULL);
INSERT INTO `user` VALUES (874, 'Kao Ho Yin', 'Kao Ho Yin', '123', 27, '男', NULL, 2, 1, NULL);
INSERT INTO `user` VALUES (875, 'Jane Baker', 'Jane Baker', '123', 28, '女', NULL, 2, 1, NULL);
INSERT INTO `user` VALUES (876, 'Iwasaki Yuito', 'Iwasaki Yuito', '123', 24, '男', NULL, 2, 1, NULL);
INSERT INTO `user` VALUES (877, 'Fu Zhiyuan', 'Fu Zhiyuan', '123', 21, '男', NULL, 2, 1, NULL);
INSERT INTO `user` VALUES (878, 'Cheng Xiuying', 'Cheng Xiuying', '123', 21, '女', NULL, 2, 1, NULL);
INSERT INTO `user` VALUES (879, 'Au Sze Kwan', 'Au Sze Kwan', '123', 21, '女', NULL, 2, 1, NULL);
INSERT INTO `user` VALUES (880, 'Wayne Perez', 'Wayne Perez', '123', 28, '男', NULL, 2, 1, NULL);
INSERT INTO `user` VALUES (881, 'Kong Tak Wah', 'Kong Tak Wah', '123', 29, '男', NULL, 2, 1, NULL);
INSERT INTO `user` VALUES (882, 'Michael Peterson', 'Michael Peterson', '123', 25, '男', NULL, 2, 1, NULL);
INSERT INTO `user` VALUES (883, 'Joe Nguyen', 'Joe Nguyen', '123', 23, '男', NULL, 2, 1, NULL);
INSERT INTO `user` VALUES (884, 'Sakamoto Shino', 'Sakamoto Shino', '123', 28, '女', NULL, 2, 1, NULL);
INSERT INTO `user` VALUES (885, 'Fong Sze Yu', 'Fong Sze Yu', '123', 23, '女', NULL, 2, 1, NULL);
INSERT INTO `user` VALUES (886, 'Chiang Ka Ling', 'Chiang Ka Ling', '123', 21, '女', NULL, 2, 1, NULL);
INSERT INTO `user` VALUES (887, 'Yeung Tsz Hin', 'Yeung Tsz Hin', '123', 28, '男', NULL, 2, 1, NULL);
INSERT INTO `user` VALUES (888, 'Zhong Jialun', 'Zhong Jialun', '123', 22, '男', NULL, 2, 1, NULL);
INSERT INTO `user` VALUES (889, 'Hung Wai Lam', 'Hung Wai Lam', '123', 26, '女', NULL, 2, 1, NULL);
INSERT INTO `user` VALUES (890, 'Duan Anqi', 'Duan Anqi', '123', 22, '女', NULL, 2, 1, NULL);
INSERT INTO `user` VALUES (891, 'Chiang Fat', 'Chiang Fat', '123', 21, '男', NULL, 2, 1, NULL);
INSERT INTO `user` VALUES (892, 'Goto Eita', 'Goto Eita', '123', 27, '女', NULL, 2, 1, NULL);
INSERT INTO `user` VALUES (893, 'Lam Ting Fung', 'Lam Ting Fung', '123', 26, '男', NULL, 2, 1, NULL);
INSERT INTO `user` VALUES (894, 'Qian Jialun', 'Qian Jialun', '123', 22, '男', NULL, 2, 1, NULL);
INSERT INTO `user` VALUES (895, 'Au On Kay', 'Au On Kay', '123', 22, '女', NULL, 2, 1, NULL);
INSERT INTO `user` VALUES (896, 'Imai Itsuki', 'Imai Itsuki', '123', 22, '男', NULL, 2, 1, NULL);
INSERT INTO `user` VALUES (897, 'Tamura Yuito', 'Tamura Yuito', '123', 21, '男', NULL, 2, 1, NULL);
INSERT INTO `user` VALUES (898, 'Abe Ren', 'Abe Ren', '123', 30, '女', NULL, 2, 1, NULL);
INSERT INTO `user` VALUES (899, 'Fang Lu', 'Fang Lu', '123', 29, '女', NULL, 2, 1, NULL);
INSERT INTO `user` VALUES (900, 'Chic On Kay', 'Chic On Kay', '123', 24, '女', NULL, 2, 1, NULL);
INSERT INTO `user` VALUES (901, 'Chic Ka Man', 'Chic Ka Man', '123', 24, '男', NULL, 2, 1, NULL);
INSERT INTO `user` VALUES (902, 'Chow Ka Man', 'Chow Ka Man', '123', 23, '男', NULL, 2, 1, NULL);
INSERT INTO `user` VALUES (903, 'Miyamoto Aoi', 'Miyamoto Aoi', '123', 24, '女', NULL, 2, 1, NULL);
INSERT INTO `user` VALUES (904, 'Patricia Roberts', 'Patricia Roberts', '123', 23, '女', NULL, 2, 1, NULL);
INSERT INTO `user` VALUES (905, 'Fujiwara Ikki', 'Fujiwara Ikki', '123', 21, '男', NULL, 2, 1, NULL);
INSERT INTO `user` VALUES (906, 'Tao Ming Sze', 'Tao Ming Sze', '123', 28, '女', NULL, 2, 1, NULL);
INSERT INTO `user` VALUES (907, 'Yin Shihan', 'Yin Shihan', '123', 23, '女', NULL, 2, 1, NULL);
INSERT INTO `user` VALUES (908, 'Yeow Tak Wah', 'Yeow Tak Wah', '123', 23, '男', NULL, 2, 1, NULL);
INSERT INTO `user` VALUES (909, 'Taniguchi Rin', 'Taniguchi Rin', '123', 25, '女', NULL, 2, 1, NULL);
INSERT INTO `user` VALUES (910, 'Lo Sze Yu', 'Lo Sze Yu', '123', 22, '女', NULL, 2, 1, NULL);
INSERT INTO `user` VALUES (911, 'Lillian Soto', 'Lillian Soto', '123', 24, '女', NULL, 2, 1, NULL);
INSERT INTO `user` VALUES (912, 'Alfred Barnes', 'Alfred Barnes', '123', 27, '男', NULL, 2, 1, NULL);
INSERT INTO `user` VALUES (913, 'Tong Kar Yan', 'Tong Kar Yan', '123', 20, '女', NULL, 2, 1, NULL);
INSERT INTO `user` VALUES (914, 'Ueda Momoe', 'Ueda Momoe', '123', 24, '女', NULL, 2, 1, NULL);
INSERT INTO `user` VALUES (915, 'Cho Wai Lam', 'Cho Wai Lam', '123', 23, '女', NULL, 2, 1, NULL);
INSERT INTO `user` VALUES (916, 'Yamaguchi Sara', 'Yamaguchi Sara', '123', 22, '女', NULL, 2, 1, NULL);
INSERT INTO `user` VALUES (917, 'Jacqueline Wallace', 'Jacqueline Wallace', '123', 28, '女', NULL, 2, 1, NULL);
INSERT INTO `user` VALUES (918, 'Ye Jiehong', 'Ye Jiehong', '123', 29, '男', NULL, 2, 1, NULL);
INSERT INTO `user` VALUES (919, 'Diane Hughes', 'Diane Hughes', '123', 27, '女', NULL, 2, 1, NULL);
INSERT INTO `user` VALUES (920, 'Matsumoto Hikaru', 'Matsumoto Hikaru', '123', 21, '女', NULL, 2, 1, NULL);
INSERT INTO `user` VALUES (921, 'Christina Gray', 'Christina Gray', '123', 27, '女', NULL, 2, 1, NULL);
INSERT INTO `user` VALUES (922, 'Dai Siu Wai', 'Dai Siu Wai', '123', 24, '女', NULL, 2, 1, NULL);
INSERT INTO `user` VALUES (923, 'Lam Lai Yan', 'Lam Lai Yan', '123', 28, '女', NULL, 2, 1, NULL);
INSERT INTO `user` VALUES (924, 'Qin Xiuying', 'Qin Xiuying', '123', 23, '女', NULL, 2, 1, NULL);
INSERT INTO `user` VALUES (925, 'Ono Sara', 'Ono Sara', '123', 26, '女', NULL, 2, 1, NULL);
INSERT INTO `user` VALUES (926, 'Pak Wai San', 'Pak Wai San', '123', 22, '女', NULL, 2, 1, NULL);
INSERT INTO `user` VALUES (927, 'Sara Graham', 'Sara Graham', '123', 23, '女', NULL, 2, 1, NULL);
INSERT INTO `user` VALUES (928, 'Lai Ming Sze', 'Lai Ming Sze', '123', 27, '女', NULL, 2, 1, NULL);
INSERT INTO `user` VALUES (929, 'Wei Zhennan', 'Wei Zhennan', '123', 29, '男', NULL, 2, 1, NULL);
INSERT INTO `user` VALUES (930, 'Mo Xiaoming', 'Mo Xiaoming', '123', 29, '男', NULL, 2, 1, NULL);
INSERT INTO `user` VALUES (931, 'Tan Xiaoming', 'Tan Xiaoming', '123', 27, '男', NULL, 2, 1, NULL);
INSERT INTO `user` VALUES (932, 'Mui Chun Yu', 'Mui Chun Yu', '123', 22, '男', NULL, 2, 1, NULL);
INSERT INTO `user` VALUES (933, 'Luo Shihan', 'Luo Shihan', '123', 25, '女', NULL, 2, 1, NULL);
INSERT INTO `user` VALUES (934, 'Kong Cho Yee', 'Kong Cho Yee', '123', 29, '女', NULL, 2, 1, NULL);
INSERT INTO `user` VALUES (935, 'Ueno Kazuma', 'Ueno Kazuma', '123', 20, '男', NULL, 2, 1, NULL);
INSERT INTO `user` VALUES (936, 'Ma Wing Sze', 'Ma Wing Sze', '123', 21, '女', NULL, 2, 1, NULL);
INSERT INTO `user` VALUES (937, 'Hsuan Sai Wing', 'Hsuan Sai Wing', '123', 29, '男', NULL, 2, 1, NULL);
INSERT INTO `user` VALUES (938, 'Cao Yuning', 'Cao Yuning', '123', 24, '男', NULL, 2, 1, NULL);
INSERT INTO `user` VALUES (939, 'Guo Lu', 'Guo Lu', '123', 25, '女', NULL, 2, 1, NULL);
INSERT INTO `user` VALUES (940, 'Chang Hiu Tung', 'Chang Hiu Tung', '123', 28, '女', NULL, 2, 1, NULL);
INSERT INTO `user` VALUES (941, 'Zhong Lan', 'Zhong Lan', '123', 23, '女', NULL, 2, 1, NULL);
INSERT INTO `user` VALUES (942, 'Kong Ka Fai', 'Kong Ka Fai', '123', 25, '男', NULL, 2, 1, NULL);
INSERT INTO `user` VALUES (943, 'Yeung Ching Wan', 'Yeung Ching Wan', '123', 28, '男', NULL, 2, 1, NULL);
INSERT INTO `user` VALUES (944, 'Mok Yu Ling', 'Mok Yu Ling', '123', 21, '女', NULL, 2, 1, NULL);
INSERT INTO `user` VALUES (945, 'Wang Anqi', 'Wang Anqi', '123', 25, '女', NULL, 2, 1, NULL);
INSERT INTO `user` VALUES (946, 'Donna Flores', 'Donna Flores', '123', 28, '女', NULL, 2, 1, NULL);
INSERT INTO `user` VALUES (947, 'Melissa Gonzalez', 'Melissa Gonzalez', '123', 28, '女', NULL, 2, 1, NULL);
INSERT INTO `user` VALUES (948, 'Siu Chiu Wai', 'Siu Chiu Wai', '123', 29, '男', NULL, 2, 1, NULL);
INSERT INTO `user` VALUES (949, 'Fan Ka Keung', 'Fan Ka Keung', '123', 21, '男', NULL, 2, 1, NULL);
INSERT INTO `user` VALUES (950, 'Xu Zhiyuan', 'Xu Zhiyuan', '123', 27, '男', NULL, 2, 1, NULL);
INSERT INTO `user` VALUES (951, 'Yuan Zitao', 'Yuan Zitao', '123', 22, '男', NULL, 2, 1, NULL);
INSERT INTO `user` VALUES (952, 'Lo Hiu Tung', 'Lo Hiu Tung', '123', 27, '女', NULL, 2, 1, NULL);
INSERT INTO `user` VALUES (953, 'Kim Moreno', 'Kim Moreno', '123', 21, '女', NULL, 2, 1, NULL);
INSERT INTO `user` VALUES (954, 'Connie Sullivan', 'Connie Sullivan', '123', 21, '女', NULL, 2, 1, NULL);
INSERT INTO `user` VALUES (955, 'Du Xiuying', 'Du Xiuying', '123', 25, '女', NULL, 2, 1, NULL);
INSERT INTO `user` VALUES (956, 'Hsuan Ka Ming', 'Hsuan Ka Ming', '123', 24, '男', NULL, 2, 1, NULL);
INSERT INTO `user` VALUES (957, 'Lo Siu Wai', 'Lo Siu Wai', '123', 26, '女', NULL, 2, 1, NULL);
INSERT INTO `user` VALUES (958, 'Luis Cook', 'Luis Cook', '123', 29, '男', NULL, 2, 1, NULL);
INSERT INTO `user` VALUES (959, 'Saito Kenta', 'Saito Kenta', '123', 27, '男', NULL, 2, 1, NULL);
INSERT INTO `user` VALUES (960, 'Wan Ting Fung', 'Wan Ting Fung', '123', 30, '男', NULL, 2, 1, NULL);
INSERT INTO `user` VALUES (961, 'Luo Shihan', 'Luo Shihan', '123', 25, '女', NULL, 2, 1, NULL);
INSERT INTO `user` VALUES (962, 'Zou Shihan', 'Zou Shihan', '123', 28, '女', NULL, 2, 1, NULL);
INSERT INTO `user` VALUES (963, 'Amanda Butler', 'Amanda Butler', '123', 21, '女', NULL, 2, 1, NULL);
INSERT INTO `user` VALUES (964, 'Lo Chi Ming', 'Lo Chi Ming', '123', 24, '男', NULL, 2, 1, NULL);
INSERT INTO `user` VALUES (965, 'Kimura Airi', 'Kimura Airi', '123', 28, '女', NULL, 2, 1, NULL);
INSERT INTO `user` VALUES (966, 'Shen Zhennan', 'Shen Zhennan', '123', 25, '男', NULL, 2, 1, NULL);
INSERT INTO `user` VALUES (967, 'Heung Tin Lok', 'Heung Tin Lok', '123', 21, '男', NULL, 2, 1, NULL);
INSERT INTO `user` VALUES (968, 'Steve Tran', 'Steve Tran', '123', 26, '男', NULL, 2, 1, NULL);
INSERT INTO `user` VALUES (969, 'Chang Yuning', 'Chang Yuning', '123', 22, '男', NULL, 2, 1, NULL);
INSERT INTO `user` VALUES (970, 'Rebecca Warren', 'Rebecca Warren', '123', 21, '女', NULL, 2, 1, NULL);
INSERT INTO `user` VALUES (971, 'Zhu Zhennan', 'Zhu Zhennan', '123', 24, '男', NULL, 2, 1, NULL);
INSERT INTO `user` VALUES (972, 'Saito Yuna', 'Saito Yuna', '123', 27, '女', NULL, 2, 1, NULL);
INSERT INTO `user` VALUES (973, 'Man Wai Man', 'Man Wai Man', '123', 23, '女', NULL, 2, 1, NULL);
INSERT INTO `user` VALUES (974, 'Yamada Hazuki', 'Yamada Hazuki', '123', 29, '女', NULL, 2, 1, NULL);
INSERT INTO `user` VALUES (975, 'Richard Herrera', 'Richard Herrera', '123', 25, '男', NULL, 2, 1, NULL);
INSERT INTO `user` VALUES (976, 'Kao Chi Ming', 'Kao Chi Ming', '123', 23, '男', NULL, 2, 1, NULL);
INSERT INTO `user` VALUES (977, 'Long Xiuying', 'Long Xiuying', '123', 26, '女', NULL, 2, 1, NULL);
INSERT INTO `user` VALUES (978, 'Jacob Cook', 'Jacob Cook', '123', 21, '男', NULL, 2, 1, NULL);
INSERT INTO `user` VALUES (979, 'Tan Xiaoming', 'Tan Xiaoming', '123', 20, '男', NULL, 2, 1, NULL);
INSERT INTO `user` VALUES (980, 'Chow Ting Fung', 'Chow Ting Fung', '123', 22, '男', NULL, 2, 1, NULL);
INSERT INTO `user` VALUES (981, 'Goto Yota', 'Goto Yota', '123', 26, '男', NULL, 2, 1, NULL);
INSERT INTO `user` VALUES (982, 'Hu Yunxi', 'Hu Yunxi', '123', 26, '男', NULL, 2, 1, NULL);
INSERT INTO `user` VALUES (983, 'Tse Wai Lam', 'Tse Wai Lam', '123', 21, '女', NULL, 2, 1, NULL);
INSERT INTO `user` VALUES (984, 'Ota Daichi', 'Ota Daichi', '123', 28, '男', NULL, 2, 1, NULL);
INSERT INTO `user` VALUES (985, 'Zhang Yunxi', 'Zhang Yunxi', '123', 20, '男', NULL, 2, 1, NULL);
INSERT INTO `user` VALUES (986, 'Yue Wai Lam', 'Yue Wai Lam', '123', 25, '女', NULL, 2, 1, NULL);
INSERT INTO `user` VALUES (987, 'Heung Wai Yee', 'Heung Wai Yee', '123', 24, '女', NULL, 2, 1, NULL);
INSERT INTO `user` VALUES (988, 'Tang Anqi', 'Tang Anqi', '123', 24, '女', NULL, 2, 1, NULL);
INSERT INTO `user` VALUES (989, 'Murata Yuna', 'Murata Yuna', '123', 23, '女', NULL, 2, 1, NULL);
INSERT INTO `user` VALUES (990, 'Yamamoto Yuito', 'Yamamoto Yuito', '123', 20, '男', NULL, 2, 1, NULL);
INSERT INTO `user` VALUES (991, 'Sakurai Yuto', 'Sakurai Yuto', '123', 24, '男', NULL, 2, 1, NULL);
INSERT INTO `user` VALUES (992, 'Ann Ortiz', 'Ann Ortiz', '123', 26, '女', NULL, 2, 1, NULL);
INSERT INTO `user` VALUES (993, 'Cai Yunxi', 'Cai Yunxi', '123', 25, '男', NULL, 2, 1, NULL);
INSERT INTO `user` VALUES (994, 'Francis Price', 'Francis Price', '123', 25, '男', NULL, 2, 1, NULL);
INSERT INTO `user` VALUES (995, 'Yeow Yun Fat', 'Yeow Yun Fat', '123', 30, '男', NULL, 2, 1, NULL);
INSERT INTO `user` VALUES (996, 'Jiang Shihan', 'Jiang Shihan', '123', 27, '女', NULL, 2, 1, NULL);
INSERT INTO `user` VALUES (997, 'Zhao Anqi', 'Zhao Anqi', '123', 24, '女', NULL, 2, 1, NULL);
INSERT INTO `user` VALUES (998, 'Yung Lik Sun', 'Yung Lik Sun', '123', 27, '男', NULL, 2, 1, NULL);
INSERT INTO `user` VALUES (999, 'Nakano Momoka', 'Nakano Momoka', '123', 25, '女', NULL, 2, 1, NULL);
INSERT INTO `user` VALUES (1000, 'Noguchi Mitsuki', 'Noguchi Mitsuki', '123', 26, '女', NULL, 2, 1, NULL);
INSERT INTO `user` VALUES (1001, 'Ying Ka Man', 'Ying Ka Man', '123', 26, '男', NULL, 2, 1, NULL);
INSERT INTO `user` VALUES (1002, 'So Hiu Tung', 'So Hiu Tung', '123', 28, '女', NULL, 2, 1, NULL);
INSERT INTO `user` VALUES (1003, 'Frances Freeman', 'Frances Freeman', '123', 26, '女', NULL, 2, 1, NULL);
INSERT INTO `user` VALUES (1004, 'Ku Ka Ling', 'Ku Ka Ling', '123', 29, '女', NULL, 2, 1, NULL);
INSERT INTO `user` VALUES (1005, 'Loui Tin Wing', 'Loui Tin Wing', '123', 26, '男', NULL, 2, 1, NULL);
INSERT INTO `user` VALUES (1006, 'Qiu Jiehong', 'Qiu Jiehong', '123', 23, '男', NULL, 2, 1, NULL);
INSERT INTO `user` VALUES (1007, 'Katherine Wright', 'Katherine Wright', '123', 29, '女', NULL, 2, 1, NULL);
INSERT INTO `user` VALUES (1008, 'Louise Harris', 'Louise Harris', '123', 24, '女', NULL, 2, 1, NULL);
INSERT INTO `user` VALUES (1009, 'Laura Harrison', 'Laura Harrison', '123', 24, '女', NULL, 2, 1, NULL);
INSERT INTO `user` VALUES (1010, 'Lok Wing Sze', 'Lok Wing Sze', '123', 21, '女', NULL, 2, 1, NULL);
INSERT INTO `user` VALUES (1011, 'Tse Lik Sun', 'Tse Lik Sun', '123', 26, '男', NULL, 2, 1, NULL);
INSERT INTO `user` VALUES (1012, 'Wanda White', 'Wanda White', '123', 24, '女', NULL, 2, 1, NULL);
INSERT INTO `user` VALUES (1013, 'Dai Zitao', 'Dai Zitao', '123', 30, '男', NULL, 2, 1, NULL);
INSERT INTO `user` VALUES (1014, 'Tao Siu Wai', 'Tao Siu Wai', '123', 22, '女', NULL, 2, 1, NULL);
INSERT INTO `user` VALUES (1015, 'Shing Tsz Hin', 'Shing Tsz Hin', '123', 28, '男', NULL, 2, 1, NULL);
INSERT INTO `user` VALUES (1016, 'Cheng Yun Fat', 'Cheng Yun Fat', '123', 30, '男', NULL, 2, 1, NULL);
INSERT INTO `user` VALUES (1017, 'Dennis Nelson', 'Dennis Nelson', '123', 28, '男', NULL, 2, 1, NULL);
INSERT INTO `user` VALUES (1018, 'Shen Zhiyuan', 'Shen Zhiyuan', '123', 23, '男', NULL, 2, 1, NULL);
INSERT INTO `user` VALUES (1019, 'Wong Wai San', 'Wong Wai San', '123', 27, '女', NULL, 2, 1, NULL);
INSERT INTO `user` VALUES (1020, 'Kyle Rose', 'Kyle Rose', '123', 22, '男', NULL, 2, 1, NULL);
INSERT INTO `user` VALUES (1021, 'Qian Jialun', 'Qian Jialun', '123', 20, '男', NULL, 2, 1, NULL);
INSERT INTO `user` VALUES (1022, 'Chiba Hikaru', 'Chiba Hikaru', '123', 29, '女', NULL, 2, 1, NULL);
INSERT INTO `user` VALUES (1023, 'Lui Suk Yee', 'Lui Suk Yee', '123', 27, '女', NULL, 2, 1, NULL);
INSERT INTO `user` VALUES (1024, 'Choi Suk Yee', 'Choi Suk Yee', '123', 26, '女', NULL, 2, 1, NULL);
INSERT INTO `user` VALUES (1025, 'Tong Ka Ming', 'Tong Ka Ming', '123', 29, '男', NULL, 2, 1, NULL);
INSERT INTO `user` VALUES (1026, 'Wu Sum Wing', 'Wu Sum Wing', '123', 24, '女', NULL, 2, 1, NULL);
INSERT INTO `user` VALUES (1027, 'To Fat', 'To Fat', '123', 20, '男', NULL, 2, 1, NULL);
INSERT INTO `user` VALUES (1028, 'Sun Zhennan', 'Sun Zhennan', '123', 28, '男', NULL, 2, 1, NULL);
INSERT INTO `user` VALUES (1029, 'Danielle Mendoza', 'Danielle Mendoza', '123', 26, '女', NULL, 2, 1, NULL);
INSERT INTO `user` VALUES (1030, 'Mo Kwok Wing', 'Mo Kwok Wing', '123', 23, '男', NULL, 2, 1, NULL);
INSERT INTO `user` VALUES (1031, 'Takagi Seiko', 'Takagi Seiko', '123', 24, '女', NULL, 2, 1, NULL);

SET FOREIGN_KEY_CHECKS = 1;
